"Metabolite_name","CID","SMILES","IsomericSMILES","InChI","INCHIKEY"
"Tetradecanoic acid, 2-hydroxyethyl ester",89603,"CCCCCCCCCCCCCC(=O)OCCO","CCCCCCCCCCCCCC(=O)OCCO","InChI=1S/C16H32O3/c1-2-3-4-5-6-7-8-9-10-11-12-13-16(18)19-15-14-17/h17H,2-15H2,1H3","ABFWOTZXBYVPIF-UHFFFAOYSA-N"
"Ibuprofen piconol",3673,"CC(C)CC1=CC=C(C=C1)C(C)C(=O)OCC2=CC=CC=N2","CC(C)CC1=CC=C(C=C1)C(C)C(=O)OCC2=CC=CC=N2","InChI=1S/C19H23NO2/c1-14(2)12-16-7-9-17(10-8-16)15(3)19(21)22-13-18-6-4-5-11-20-18/h4-11,14-15H,12-13H2,1-3H3","ACEWLPOYLGNNHV-UHFFFAOYSA-N"
"1,2,4,5-tetramethyl-3,6-dinitro-benzene",79593,"CC1=C(C(=C(C(=C1[N+](=O)[O-])C)C)[N+](=O)[O-])C","CC1=C(C(=C(C(=C1[N+](=O)[O-])C)C)[N+](=O)[O-])C","InChI=1S/C10H12N2O4/c1-5-6(2)10(12(15)16)8(4)7(3)9(5)11(13)14/h1-4H3","AEPQXGFMAZTUEA-UHFFFAOYSA-N"
"15-Tetracosenoic acid, methyl ester, (Z)-",5364841,"CCCCCCCCC=CCCCCCCCCCCCCCC(=O)OC","CCCCCCCC/C=C\CCCCCCCCCCCCCC(=O)OC","InChI=1S/C25H48O2/c1-3-4-5-6-7-8-9-10-11-12-13-14-15-16-17-18-19-20-21-22-23-24-25(26)27-2/h10-11H,3-9,12-24H2,1-2H3/b11-10-","AINIZSBLAFHZCP-KHPPLWFESA-N"
"cis-11-Hexadecenal",5364495,"CCCCC=CCCCCCCCCCC=O","CCCC/C=C\CCCCCCCCCC=O","InChI=1S/C16H30O/c1-2-3-4-5-6-7-8-9-10-11-12-13-14-15-16-17/h5-6,16H,2-4,7-15H2,1H3/b6-5-","AMTITFMUKRZZEE-WAYWQWQTSA-N"
"Phenanthrene, 2,5-dimethyl-",77244,"CC1=CC2=C(C=C1)C3=C(C=CC=C3C=C2)C","CC1=CC2=C(C=C1)C3=C(C=CC=C3C=C2)C","InChI=1S/C16H14/c1-11-6-9-15-14(10-11)8-7-13-5-3-4-12(2)16(13)15/h3-10H,1-2H3","ANBPQRLLOPVKIG-UHFFFAOYSA-N"
"N-Methyldodecanamide",141362,"CCCCCCCCCCCC(=O)NC","CCCCCCCCCCCC(=O)NC","InChI=1S/C13H27NO/c1-3-4-5-6-7-8-9-10-11-12-13(15)14-2/h3-12H2,1-2H3,(H,14,15)","APWSJINSLHHRPD-UHFFFAOYSA-N"
"Fumaric acid, 2-dimethylaminoethyl heptyl ester",91693813,"CCCCCCCOC(=O)C=CC(=O)OCCN(C)C","CCCCCCCOC(=O)/C=C/C(=O)OCCN(C)C","InChI=1S/C15H27NO4/c1-4-5-6-7-8-12-19-14(17)9-10-15(18)20-13-11-16(2)3/h9-10H,4-8,11-13H2,1-3H3/b10-9+","ASMPZXPCOAGAJC-MDZDMXLPSA-N"
"Carbonic acid, eicosyl vinyl ester",91693137,"CCCCCCCCCCCCCCCCCCCCOC(=O)OC=C","CCCCCCCCCCCCCCCCCCCCOC(=O)OC=C","InChI=1S/C23H44O3/c1-3-5-6-7-8-9-10-11-12-13-14-15-16-17-18-19-20-21-22-26-23(24)25-4-2/h4H,2-3,5-22H2,1H3","ATKGMLUBBPOBFK-UHFFFAOYSA-N"
"6,6,8,8,10,10-Hexamethyl-2,5,7,9,11,14-hexaoxa-6,8,10-trisilapentadecane",91737348,"COCCO[Si](C)(C)O[Si](C)(C)O[Si](C)(C)OCCOC","COCCO[Si](C)(C)O[Si](C)(C)O[Si](C)(C)OCCOC","InChI=1S/C12H32O6Si3/c1-13-9-11-15-19(3,4)17-21(7,8)18-20(5,6)16-12-10-14-2/h9-12H2,1-8H3","ATVMIDWJKUQRGK-UHFFFAOYSA-N"
"Isopropyl myristate",8042,"CCCCCCCCCCCCCC(=O)OC(C)C","CCCCCCCCCCCCCC(=O)OC(C)C","InChI=1S/C17H34O2/c1-4-5-6-7-8-9-10-11-12-13-14-15-17(18)19-16(2)3/h16H,4-15H2,1-3H3","AXISYYRBXTVTFY-UHFFFAOYSA-N"
"6b,7,8,9,10,10a-Hexahydrofluoranthene",596925,"C1CCC2C(C1)C3=CC=CC4=C3C2=CC=C4","C1CCC2C(C1)C3=CC=CC4=C3C2=CC=C4","InChI=1S/C16H16/c1-2-8-13-12(7-1)14-9-3-5-11-6-4-10-15(13)16(11)14/h3-6,9-10,12-13H,1-2,7-8H2","AZHLTIOZVGMCDZ-UHFFFAOYSA-N"
"Tris(2,4-di-tert-butylphenyl) phosphate",14572930,"CC(C)(C)C1=CC(=C(C=C1)OP(=O)(OC2=C(C=C(C=C2)C(C)(C)C)C(C)(C)C)OC3=C(C=C(C=C3)C(C)(C)C)C(C)(C)C)C(C)(C)C","CC(C)(C)C1=CC(=C(C=C1)OP(=O)(OC2=C(C=C(C=C2)C(C)(C)C)C(C)(C)C)OC3=C(C=C(C=C3)C(C)(C)C)C(C)(C)C)C(C)(C)C","InChI=1S/C42H63O4P/c1-37(2,3)28-19-22-34(31(25-28)40(10,11)12)44-47(43,45-35-23-20-29(38(4,5)6)26-32(35)41(13,14)15)46-36-24-21-30(39(7,8)9)27-33(36)42(16,17)18/h19-27H,1-18H3","AZSKHRTUXHLAHS-UHFFFAOYSA-N"
"N,N-Dimethyldodecanamide",18159,"CCCCCCCCCCCC(=O)N(C)C","CCCCCCCCCCCC(=O)N(C)C","InChI=1S/C14H29NO/c1-4-5-6-7-8-9-10-11-12-13-14(16)15(2)3/h4-13H2,1-3H3","BDYUSDIJIDGWCY-UHFFFAOYSA-N"
"2-Methylhexacosane",150931,"CCCCCCCCCCCCCCCCCCCCCCCCC(C)C","CCCCCCCCCCCCCCCCCCCCCCCCC(C)C","InChI=1S/C27H56/c1-4-5-6-7-8-9-10-11-12-13-14-15-16-17-18-19-20-21-22-23-24-25-26-27(2)3/h27H,4-26H2,1-3H3","BEBPORIYFVRVCP-UHFFFAOYSA-N"
"Tetradecane",12389,"CCCCCCCCCCCCCC","CCCCCCCCCCCCCC","InChI=1S/C14H30/c1-3-5-7-9-11-13-14-12-10-8-6-4-2/h3-14H2,1-2H3","BGHCVCJVXZWKCC-UHFFFAOYSA-N"
"2-(2-Methylbutan-2-yl)phenol",76769,"CCC(C)(C)C1=CC=CC=C1O","CCC(C)(C)C1=CC=CC=C1O","InChI=1S/C11H16O/c1-4-11(2,3)9-7-5-6-8-10(9)12/h5-8,12H,4H2,1-3H3","BGRKGHSKCFAPCL-UHFFFAOYSA-N"
"Hexadecanoic acid, octadecyl ester",75778,"CCCCCCCCCCCCCCCCCCOC(=O)CCCCCCCCCCCCCCC","CCCCCCCCCCCCCCCCCCOC(=O)CCCCCCCCCCCCCCC","InChI=1S/C34H68O2/c1-3-5-7-9-11-13-15-17-18-19-21-23-25-27-29-31-33-36-34(35)32-30-28-26-24-22-20-16-14-12-10-8-6-4-2/h3-33H2,1-2H3","BILPUZXRUDPOOF-UHFFFAOYSA-N"
"Bis(2-ethylhexyl) phthalate",8343,"CCCCC(CC)COC(=O)C1=CC=CC=C1C(=O)OCC(CC)CCCC","CCCCC(CC)COC(=O)C1=CC=CC=C1C(=O)OCC(CC)CCCC","InChI=1S/C24H38O4/c1-5-9-13-19(7-3)17-27-23(25)21-15-11-12-16-22(21)24(26)28-18-20(8-4)14-10-6-2/h11-12,15-16,19-20H,5-10,13-14,17-18H2,1-4H3","BJQHLKABXJIVAM-UHFFFAOYSA-N"
"Methacrylamide, N-tetradecyl-",22327745,"CCCCCCCCCCCCCCNC(=O)C(=C)C","CCCCCCCCCCCCCCNC(=O)C(=C)C","InChI=1S/C18H35NO/c1-4-5-6-7-8-9-10-11-12-13-14-15-16-19-18(20)17(2)3/h2,4-16H2,1,3H3,(H,19,20)","BPEZHABUVGDGNE-UHFFFAOYSA-N"
"2-Thiobarbituric acid, tris(tert-butyldimethylsilyl) deriv.",91745222,"CC(C)(C)[Si](C)(C)OC1=CC(=NC(=N1)S[Si](C)(C)C(C)(C)C)O[Si](C)(C)C(C)(C)C","CC(C)(C)[Si](C)(C)OC1=CC(=NC(=N1)S[Si](C)(C)C(C)(C)C)O[Si](C)(C)C(C)(C)C","InChI=1S/C22H46N2O2SSi3/c1-20(2,3)28(10,11)25-17-16-18(26-29(12,13)21(4,5)6)24-19(23-17)27-30(14,15)22(7,8)9/h16H,1-15H3","BRRDGRPVLBFJEH-UHFFFAOYSA-N"
"1-Eicosanol",12404,"CCCCCCCCCCCCCCCCCCCCO","CCCCCCCCCCCCCCCCCCCCO","InChI=1S/C20H42O/c1-2-3-4-5-6-7-8-9-10-11-12-13-14-15-16-17-18-19-20-21/h21H,2-20H2,1H3","BTFJIXJJCSYFAL-UHFFFAOYSA-N"
"1-(3-tert-butyl-2-hydroxyphenyl)ethanone",14613450,"CC(=O)C1=C(C(=CC=C1)C(C)(C)C)O","CC(=O)C1=C(C(=CC=C1)C(C)(C)C)O","InChI=1S/C12H16O2/c1-8(13)9-6-5-7-10(11(9)14)12(2,3)4/h5-7,14H,1-4H3","BXNNXIWTCFPXQY-UHFFFAOYSA-N"
"3H-pyrazol-3-one, 2,4-dihydro-2-phenyl-5-(phenylamino)-",135461894,"C1C(=NC2=CC=CC=C2)NN(C1=O)C3=CC=CC=C3","C1C(=NC2=CC=CC=C2)NN(C1=O)C3=CC=CC=C3","InChI=1S/C15H13N3O/c19-15-11-14(16-12-7-3-1-4-8-12)17-18(15)13-9-5-2-6-10-13/h1-10H,11H2,(H,16,17)","BYHCBLSQLHOONI-UHFFFAOYSA-N"
"Phenol, 2,4,6-tris(1-phenylethyl)-",86688,"CC(C1=CC=CC=C1)C2=CC(=C(C(=C2)C(C)C3=CC=CC=C3)O)C(C)C4=CC=CC=C4","CC(C1=CC=CC=C1)C2=CC(=C(C(=C2)C(C)C3=CC=CC=C3)O)C(C)C4=CC=CC=C4","InChI=1S/C30H30O/c1-21(24-13-7-4-8-14-24)27-19-28(22(2)25-15-9-5-10-16-25)30(31)29(20-27)23(3)26-17-11-6-12-18-26/h4-23,31H,1-3H3","BYLSIPUARIZAHZ-UHFFFAOYSA-N"
"[2-(Benzo[4,5]thiazolo[2,3-c][1,2,4]triazol-3-ylsulfanyl)ethyl](dimethyl)amine",888955,"CN(C)CCSC1=NN=C2N1C3=CC=CC=C3S2","CN(C)CCSC1=NN=C2N1C3=CC=CC=C3S2","InChI=1S/C12H14N4S2/c1-15(2)7-8-17-11-13-14-12-16(11)9-5-3-4-6-10(9)18-12/h3-6H,7-8H2,1-2H3","CDFOUWJQPXLDGX-UHFFFAOYSA-N"
"Cyclodecasiloxane, eicosamethyl-",519601,"C[Si]1(O[Si](O[Si](O[Si](O[Si](O[Si](O[Si](O[Si](O[Si](O[Si](O1)(C)C)(C)C)(C)C)(C)C)(C)C)(C)C)(C)C)(C)C)(C)C)C","C[Si]1(O[Si](O[Si](O[Si](O[Si](O[Si](O[Si](O[Si](O[Si](O[Si](O1)(C)C)(C)C)(C)C)(C)C)(C)C)(C)C)(C)C)(C)C)(C)C)C","InChI=1S/C20H60O10Si10/c1-31(2)21-32(3,4)23-34(7,8)25-36(11,12)27-38(15,16)29-40(19,20)30-39(17,18)28-37(13,14)26-35(9,10)24-33(5,6)22-31/h1-20H3","CDNNKGWZSNSADW-UHFFFAOYSA-N"
"Tris(trimethylsiloxy)(vinyl)silane",79316,"C[Si](C)(C)O[Si](C=C)(O[Si](C)(C)C)O[Si](C)(C)C","C[Si](C)(C)O[Si](C=C)(O[Si](C)(C)C)O[Si](C)(C)C","InChI=1S/C11H30O3Si4/c1-11-18(12-15(2,3)4,13-16(5,6)7)14-17(8,9)10/h11H,1H2,2-10H3","CHEFFAKKAFRMHG-UHFFFAOYSA-N"
"6-Methylheptyl palmitate",14934,"CCCCCCCCCCCCCCCC(=O)OCCCCCC(C)C","CCCCCCCCCCCCCCCC(=O)OCCCCCC(C)C","InChI=1S/C24H48O2/c1-4-5-6-7-8-9-10-11-12-13-14-15-18-21-24(25)26-22-19-16-17-20-23(2)3/h23H,4-22H2,1-3H3","CJSPFDQEYQBDNN-UHFFFAOYSA-N"
"Vinyl decanoate",62140,"CCCCCCCCCC(=O)OC=C","CCCCCCCCCC(=O)OC=C","InChI=1S/C12H22O2/c1-3-5-6-7-8-9-10-11-12(13)14-4-2/h4H,2-3,5-11H2,1H3","CMDXMIHZUJPRHG-UHFFFAOYSA-N"
"Cyclohexane, (3-cyclopentylpropyl)-",236409,"C1CCC(CC1)CCCC2CCCC2","C1CCC(CC1)CCCC2CCCC2","InChI=1S/C14H26/c1-2-7-13(8-3-1)11-6-12-14-9-4-5-10-14/h13-14H,1-12H2","CPBZARXQRZTYGI-UHFFFAOYSA-N"
"cis-9-Hexadecenoic acid, heptyl ester",87382954,"CCCCCCCOC(=O)CCCCCCCC=CCCCCCC","CCCCCCCOC(=O)CCCCCCC/C=C\CCCCCC","InChI=1S/C23H44O2/c1-3-5-7-9-10-11-12-13-14-15-16-17-19-21-23(24)25-22-20-18-8-6-4-2/h11-12H,3-10,13-22H2,1-2H3/b12-11-","CTVPIRVYDMQPJY-QXMHVHEDSA-N"
"benzoic acid decyl ester",100496,"CCCCCCCCCCOC(=O)C1=CC=CC=C1","CCCCCCCCCCOC(=O)C1=CC=CC=C1","InChI=1S/C17H26O2/c1-2-3-4-5-6-7-8-12-15-19-17(18)16-13-10-9-11-14-16/h9-11,13-14H,2-8,12,15H2,1H3","CUSUFTNOPPMGBK-UHFFFAOYSA-N"
"Arsenous acid, tris(trimethylsilyl) ester",180508,"C[Si](C)(C)O[As](O[Si](C)(C)C)O[Si](C)(C)C","C[Si](C)(C)O[As](O[Si](C)(C)C)O[Si](C)(C)C","InChI=1S/C9H27AsO3Si3/c1-14(2,3)11-10(12-15(4,5)6)13-16(7,8)9/h1-9H3","CWZNQWMMDOIFQC-UHFFFAOYSA-N"
"Trisiloxane, octamethyl-",24705,"C[Si](C)(C)O[Si](C)(C)O[Si](C)(C)C","C[Si](C)(C)O[Si](C)(C)O[Si](C)(C)C","InChI=1S/C8H24O2Si3/c1-11(2,3)9-13(7,8)10-12(4,5)6/h1-8H3","CXQXSVUQTKDNFP-UHFFFAOYSA-N"
"2-Amino-4-(2-cyclohexyl-ethyl)-7-methyl-5-oxo-4H,5H-pyrano[4,3-b]pyran-3-carbonitrile",3448938,"CC1=CC2=C(C(C(=C(O2)N)C#N)CCC3CCCCC3)C(=O)O1","CC1=CC2=C(C(C(=C(O2)N)C#N)CCC3CCCCC3)C(=O)O1","InChI=1S/C18H22N2O3/c1-11-9-15-16(18(21)22-11)13(14(10-19)17(20)23-15)8-7-12-5-3-2-4-6-12/h9,12-13H,2-8,20H2,1H3","CXTKSNBYPRYPNI-UHFFFAOYSA-N"
"2(3H)-Furanone, dihydro-4,4,5,5-tetramethyl-",547832,"CC1(CC(=O)OC1(C)C)C","CC1(CC(=O)OC1(C)C)C","InChI=1S/C8H14O2/c1-7(2)5-6(9)10-8(7,3)4/h5H2,1-4H3","DAQWSSBMLDRMBQ-UHFFFAOYSA-N"
"Stearic acid, TMS derivative",87777,"CCCCCCCCCCCCCCCCCC(=O)O[Si](C)(C)C","CCCCCCCCCCCCCCCCCC(=O)O[Si](C)(C)C","InChI=1S/C21H44O2Si/c1-5-6-7-8-9-10-11-12-13-14-15-16-17-18-19-20-21(22)23-24(2,3)4/h5-20H2,1-4H3","DDLPZVTUKLKVQB-UHFFFAOYSA-N"
"Niacinamide",936,"C1=CC(=CN=C1)C(=O)N","C1=CC(=CN=C1)C(=O)N","InChI=1S/C6H6N2O/c7-6(9)5-2-1-3-8-4-5/h1-4H,(H2,7,9)","DFPAKSUCGFBDDF-UHFFFAOYSA-N"
"Tetradecanoic acid, dodecyl ester",74881,"CCCCCCCCCCCCCC(=O)OCCCCCCCCCCCC","CCCCCCCCCCCCCC(=O)OCCCCCCCCCCCC","InChI=1S/C26H52O2/c1-3-5-7-9-11-13-15-16-18-20-22-24-26(27)28-25-23-21-19-17-14-12-10-8-6-4-2/h3-25H2,1-2H3","DFQOCHPHORLRID-UHFFFAOYSA-N"
"Phthalic acid, 2-(methylthio)phenyl pentyl ester",91719618,"CCCCCOC(=O)C1=CC=CC=C1C(=O)OC2=CC=CC=C2SC","CCCCCOC(=O)C1=CC=CC=C1C(=O)OC2=CC=CC=C2SC","InChI=1S/C20H22O4S/c1-3-4-9-14-23-19(21)15-10-5-6-11-16(15)20(22)24-17-12-7-8-13-18(17)25-2/h5-8,10-13H,3-4,9,14H2,1-2H3","DHBKNWQGPNBFHR-UHFFFAOYSA-N"
"Phenol, 2,6-bis(1,1-dimethylethyl)-",31405,"CC(C)(C)C1=C(C(=CC=C1)C(C)(C)C)O","CC(C)(C)C1=C(C(=CC=C1)C(C)(C)C)O","InChI=1S/C14H22O/c1-13(2,3)10-8-7-9-11(12(10)15)14(4,5)6/h7-9,15H,1-6H3","DKCPKDPYUFEZCP-UHFFFAOYSA-N"
"Diphenylamine",11487,"C1=CC=C(C=C1)NC2=CC=CC=C2","C1=CC=C(C=C1)NC2=CC=CC=C2","InChI=1S/C12H11N/c1-3-7-11(8-4-1)13-12-9-5-2-6-10-12/h1-10,13H","DMBHHRLKUKUOEG-UHFFFAOYSA-N"
"1,2,3-Propanetricarboxylic acid, 2-hydroxy-, triethyl ester",6506,"CCOC(=O)CC(CC(=O)OCC)(C(=O)OCC)O","CCOC(=O)CC(CC(=O)OCC)(C(=O)OCC)O","InChI=1S/C12H20O7/c1-4-17-9(13)7-12(16,11(15)19-6-3)8-10(14)18-5-2/h16H,4-8H2,1-3H3","DOOTYTYQINUNNV-UHFFFAOYSA-N"
"3,5-di-tert-Butyl-4-hydroxybenzaldehyde",73219,"CC(C)(C)C1=CC(=CC(=C1O)C(C)(C)C)C=O","CC(C)(C)C1=CC(=CC(=C1O)C(C)(C)C)C=O","InChI=1S/C15H22O2/c1-14(2,3)11-7-10(9-16)8-12(13(11)17)15(4,5)6/h7-9,17H,1-6H3","DOZRDZLFLOODMB-UHFFFAOYSA-N"
"2,6-Di(t-butyl)-4-hydroxy-4-methyl-2,5-cyclohexadien-1-one",146102,"CC1(C=C(C(=O)C(=C1)C(C)(C)C)C(C)(C)C)O","CC1(C=C(C(=O)C(=C1)C(C)(C)C)C(C)(C)C)O","InChI=1S/C15H24O2/c1-13(2,3)10-8-15(7,17)9-11(12(10)16)14(4,5)6/h8-9,17H,1-7H3","DQBHJILNHNRDTM-UHFFFAOYSA-N"
"Dodeca-1,6-dien-12-ol, 6,10-dimethyl-",5367566,"CC(CCC=C(C)CCCC=C)CCO","CC(CC/C=C(/C)\CCCC=C)CCO","InChI=1S/C14H26O/c1-4-5-6-8-13(2)9-7-10-14(3)11-12-15/h4,9,14-15H,1,5-8,10-12H2,2-3H3/b13-9-","DQJQTRDVPDMECA-LCYFTJDESA-N"
"Benzoic acid, cyclohexyl ester",75486,"C1CCC(CC1)OC(=O)C2=CC=CC=C2","C1CCC(CC1)OC(=O)C2=CC=CC=C2","InChI=1S/C13H16O2/c14-13(11-7-3-1-4-8-11)15-12-9-5-2-6-10-12/h1,3-4,7-8,12H,2,5-6,9-10H2","DQZKGSRJOUYVPL-UHFFFAOYSA-N"
"1,2-Benzenedicarboxylic acid, dinonyl ester",6787,"CCCCCCCCCOC(=O)C1=CC=CC=C1C(=O)OCCCCCCCCC","CCCCCCCCCOC(=O)C1=CC=CC=C1C(=O)OCCCCCCCCC","InChI=1S/C26H42O4/c1-3-5-7-9-11-13-17-21-29-25(27)23-19-15-16-20-24(23)26(28)30-22-18-14-12-10-8-6-4-2/h15-16,19-20H,3-14,17-18,21-22H2,1-2H3","DROMNWUQASBTFM-UHFFFAOYSA-N"
"n-Hexyl salicylate",22629,"CCCCCCOC(=O)C1=CC=CC=C1O","CCCCCCOC(=O)C1=CC=CC=C1O","InChI=1S/C13H18O3/c1-2-3-4-7-10-16-13(15)11-8-5-6-9-12(11)14/h5-6,8-9,14H,2-4,7,10H2,1H3","DUKPKQFHJQGTGU-UHFFFAOYSA-N"
"Octanoic acid, hexadecyl ester",448864,"CCCCCCCCCCCCCCCCOC(=O)CCCCCCC","CCCCCCCCCCCCCCCCOC(=O)CCCCCCC","InChI=1S/C24H48O2/c1-3-5-7-9-10-11-12-13-14-15-16-17-19-21-23-26-24(25)22-20-18-8-6-4-2/h3-23H2,1-2H3","DWMMZQMXUWUJME-UHFFFAOYSA-N"
"17-Octadecynoic acid",1449,"C#CCCCCCCCCCCCCCCCC(=O)O","C#CCCCCCCCCCCCCCCCC(=O)O","InChI=1S/C18H32O2/c1-2-3-4-5-6-7-8-9-10-11-12-13-14-15-16-17-18(19)20/h1H,3-17H2,(H,19,20)","DZIILFGADWDKMF-UHFFFAOYSA-N"
"Nonanoic acid",8158,"CCCCCCCCC(=O)O","CCCCCCCCC(=O)O","InChI=1S/C9H18O2/c1-2-3-4-5-6-7-8-9(10)11/h2-8H2,1H3,(H,10,11)","FBUKVWPVBMHYJY-UHFFFAOYSA-N"
"Octocrylene",22571,"CCCCC(CC)COC(=O)C(=C(C1=CC=CC=C1)C2=CC=CC=C2)C#N","CCCCC(CC)COC(=O)C(=C(C1=CC=CC=C1)C2=CC=CC=C2)C#N","InChI=1S/C24H27NO2/c1-3-5-12-19(4-2)18-27-24(26)22(17-25)23(20-13-8-6-9-14-20)21-15-10-7-11-16-21/h6-11,13-16,19H,3-5,12,18H2,1-2H3","FMJSMJQBSVNSBF-UHFFFAOYSA-N"
"4,4'-Bis(methoxymethoxy)benzil",596723,"COCOC1=CC=C(C=C1)C(=O)C(=O)C2=CC=C(C=C2)OCOC","COCOC1=CC=C(C=C1)C(=O)C(=O)C2=CC=C(C=C2)OCOC","InChI=1S/C18H18O6/c1-21-11-23-15-7-3-13(4-8-15)17(19)18(20)14-5-9-16(10-6-14)24-12-22-2/h3-10H,11-12H2,1-2H3","FMSKQCHNJDNKBJ-UHFFFAOYSA-N"
"2,4(1H,3H)-Quinolinedione, 3-benzoyl-3-(phenylmethyl)-",340348,"C1=CC=C(C=C1)CC2(C(=O)C3=CC=CC=C3NC2=O)C(=O)C4=CC=CC=C4","C1=CC=C(C=C1)CC2(C(=O)C3=CC=CC=C3NC2=O)C(=O)C4=CC=CC=C4","InChI=1S/C23H17NO3/c25-20(17-11-5-2-6-12-17)23(15-16-9-3-1-4-10-16)21(26)18-13-7-8-14-19(18)24-22(23)27/h1-14H,15H2,(H,24,27)","FNTAZXXMBNVKBY-UHFFFAOYSA-N"
"Adipic acid, butyl pent-4-en-2-yl ester",91713855,"CCCCOC(=O)CCCCC(=O)OC(C)CC=C","CCCCOC(=O)CCCCC(=O)OC(C)CC=C","InChI=1S/C15H26O4/c1-4-6-12-18-14(16)10-7-8-11-15(17)19-13(3)9-5-2/h5,13H,2,4,6-12H2,1,3H3","FORLKMRJCQLQRG-UHFFFAOYSA-N"
"Theobromine, TBDMS derivative",91737419,"CC(C)(C)[Si](C)(C)N1C(=O)C2=C(N=CN2C)N(C1=O)C","CC(C)(C)[Si](C)(C)N1C(=O)C2=C(N=CN2C)N(C1=O)C","InChI=1S/C13H22N4O2Si/c1-13(2,3)20(6,7)17-11(18)9-10(14-8-15(9)4)16(5)12(17)19/h8H,1-7H3","FQHVVNTURBQLJA-UHFFFAOYSA-N"
"(4-Chloro-phenyl)-urea, bis(tert-butyldimethylsilyl) derivative",91719434,"CC(C)(C)[Si](C)(C)N=C(NC1=CC=C(C=C1)Cl)O[Si](C)(C)C(C)(C)C","CC(C)(C)[Si](C)(C)/N=C(\NC1=CC=C(C=C1)Cl)/O[Si](C)(C)C(C)(C)C","InChI=1S/C19H35ClN2OSi2/c1-18(2,3)24(7,8)22-17(23-25(9,10)19(4,5)6)21-16-13-11-15(20)12-14-16/h11-14H,1-10H3,(H,21,22)","FRAUVSLJFFPIPD-UHFFFAOYSA-N"
"3-Methylbutyl dodecanoate",61386,"CCCCCCCCCCCC(=O)OCCC(C)C","CCCCCCCCCCCC(=O)OCCC(C)C","InChI=1S/C17H34O2/c1-4-5-6-7-8-9-10-11-12-13-17(18)19-15-14-16(2)3/h16H,4-15H2,1-3H3","FVKRIDSRWFEQME-UHFFFAOYSA-N"
"Oxalic acid, 2-ethylhexyl hexyl ester",6420725,"CCCCCCOC(=O)C(=O)OCC(CC)CCCC","CCCCCCOC(=O)C(=O)OCC(CC)CCCC","InChI=1S/C16H30O4/c1-4-7-9-10-12-19-15(17)16(18)20-13-14(6-3)11-8-5-2/h14H,4-13H2,1-3H3","FWDWHMLXCGLZII-UHFFFAOYSA-N"
"Butyl 4,4,6,6,8,8-hexamethyl-11-oxo-3,5,7,9,12-pentaoxa-4,6,8-trisilahexadecan-1-oate",91733960,"CCCCOC(=O)CO[Si](C)(C)O[Si](C)(C)O[Si](C)(C)OCC(=O)OCCCC","CCCCOC(=O)CO[Si](C)(C)O[Si](C)(C)O[Si](C)(C)OCC(=O)OCCCC","InChI=1S/C18H40O8Si3/c1-9-11-13-21-17(19)15-23-27(3,4)25-29(7,8)26-28(5,6)24-16-18(20)22-14-12-10-2/h9-16H2,1-8H3","FXQJEJFDNXOMCA-UHFFFAOYSA-N"
"Acetaldehyde, [(trimethylsilyl)oxy]-, O-[bis[(trimethylsilyl)oxy]phosphinyl]oxime",9604105,"C[Si](C)(C)OCC=NOP(=O)(O[Si](C)(C)C)O[Si](C)(C)C","C[Si](C)(C)OC/C=N/OP(=O)(O[Si](C)(C)C)O[Si](C)(C)C","InChI=1S/C11H30NO5PSi3/c1-19(2,3)14-11-10-12-15-18(13,16-20(4,5)6)17-21(7,8)9/h10H,11H2,1-9H3/b12-10+","GAJSTENPNCTZBI-ZRDIBKRKSA-N"
"Acetamide, 2-methoxy-2-phenyl-N-[2-(4-chlorophenyl)ethyl]-",578107,"COC(C1=CC=CC=C1)C(=O)NCCC2=CC=C(C=C2)Cl","COC(C1=CC=CC=C1)C(=O)NCCC2=CC=C(C=C2)Cl","InChI=1S/C17H18ClNO2/c1-21-16(14-5-3-2-4-6-14)17(20)19-12-11-13-7-9-15(18)10-8-13/h2-10,16H,11-12H2,1H3,(H,19,20)","GHMKGPMTZOORES-UHFFFAOYSA-N"
"n-Decanoic acid",2969,"CCCCCCCCCC(=O)O","CCCCCCCCCC(=O)O","InChI=1S/C10H20O2/c1-2-3-4-5-6-7-8-9-10(11)12/h2-9H2,1H3,(H,11,12)","GHVNFZFCNZKVNT-UHFFFAOYSA-N"
"(3,5-dimethyl-4-nitrophenyl)methanol",13265338,"CC1=CC(=CC(=C1[N+](=O)[O-])C)CO","CC1=CC(=CC(=C1[N+](=O)[O-])C)CO","InChI=1S/C9H11NO3/c1-6-3-8(5-11)4-7(2)9(6)10(12)13/h3-4,11H,5H2,1-2H3","GQPOJJAAYAEEEM-UHFFFAOYSA-N"
"Cycloheptasiloxane, tetradecamethyl-",7874,"C[Si]1(O[Si](O[Si](O[Si](O[Si](O[Si](O[Si](O1)(C)C)(C)C)(C)C)(C)C)(C)C)(C)C)C","C[Si]1(O[Si](O[Si](O[Si](O[Si](O[Si](O[Si](O1)(C)C)(C)C)(C)C)(C)C)(C)C)(C)C)C","InChI=1S/C14H42O7Si7/c1-22(2)15-23(3,4)17-25(7,8)19-27(11,12)21-28(13,14)20-26(9,10)18-24(5,6)16-22/h1-14H3","GSANOGQCVHBHIF-UHFFFAOYSA-N"
"Phthalic acid, 2-ethylbutyl nonyl ester",91719594,"CCCCCCCCCOC(=O)C1=CC=CC=C1C(=O)OCC(CC)CC","CCCCCCCCCOC(=O)C1=CC=CC=C1C(=O)OCC(CC)CC","InChI=1S/C23H36O4/c1-4-7-8-9-10-11-14-17-26-22(24)20-15-12-13-16-21(20)23(25)27-18-19(5-2)6-3/h12-13,15-16,19H,4-11,14,17-18H2,1-3H3","GTCNGLRVGFYZLF-UHFFFAOYSA-N"
"1,3-Dioxolane-4-methanol, 2-pentadecyl-, acetate, trans-",91718960,"CCCCCCCCCCCCCCCC1OCC(O1)COC(=O)C","CCCCCCCCCCCCCCC[C@@H]1OC[C@H](O1)COC(=O)C","InChI=1S/C21H40O4/c1-3-4-5-6-7-8-9-10-11-12-13-14-15-16-21-24-18-20(25-21)17-23-19(2)22/h20-21H,3-18H2,1-2H3/t20-,21-/m1/s1","GTSWDFNDCKFPNW-NHCUHLMSSA-N"
"Cyclooctane, 1,4-dimethyl-, trans-",6432050,"CC1CCCCC(CC1)C","C[C@@H]1CCCC[C@H](CC1)C","InChI=1S/C10H20/c1-9-5-3-4-6-10(2)8-7-9/h9-10H,3-8H2,1-2H3/t9-,10-/m1/s1","GUOSBMCHCJXBMH-NXEZZACHSA-N"
"Octanal, 2-(phenylmethylene)-",1715135,"CCCCCCC(=CC1=CC=CC=C1)C=O","CCCCCC/C(=C/C1=CC=CC=C1)/C=O","InChI=1S/C15H20O/c1-2-3-4-6-11-15(13-16)12-14-9-7-5-8-10-14/h5,7-10,12-13H,2-4,6,11H2,1H3/b15-12-","GUUHFMWKWLOQMM-QINSGFPZSA-N"
"2-(Decanoyloxy)propane-1,3-diyl dioctanoate",10436013,"CCCCCCCCCC(=O)OC(COC(=O)CCCCCCC)COC(=O)CCCCCCC","CCCCCCCCCC(=O)OC(COC(=O)CCCCCCC)COC(=O)CCCCCCC","InChI=1S/C29H54O6/c1-4-7-10-13-14-17-20-23-29(32)35-26(24-33-27(30)21-18-15-11-8-5-2)25-34-28(31)22-19-16-12-9-6-3/h26H,4-25H2,1-3H3","GVUCZFUFLQMFID-UHFFFAOYSA-N"
"1-Methoxyperethylhomooctasilsesquioxane",636281,"CC[Si]12O[Si]3(O[Si]4(O[Si](O1)(O[Si]5(O[Si](O2)(O[Si](O3)(O[Si](O4)(O[Si](O5)(CC)OC)CC)CC)CC)CC)CC)CC)CC","CC[Si]12O[Si]3(O[Si]4(O[Si](O1)(O[Si]5(O[Si](O2)(O[Si](O3)(O[Si](O4)(O[Si](O5)(CC)OC)CC)CC)CC)CC)CC)CC)CC","InChI=1S/C19H48O14Si9/c1-11-34(20-10)21-35(12-2)23-37(14-4)27-39(16-6)25-36(13-3,22-34)26-40(17-7)28-38(15-5,24-35)30-41(18-8,29-37)33-42(19-9,31-39)32-40/h11-19H2,1-10H3","GVXIBVJESKILNJ-UHFFFAOYSA-N"
"Crotonic acid butyl ester",5366039,"CCCCOC(=O)C=CC","CCCCOC(=O)/C=C/C","InChI=1S/C8H14O2/c1-3-5-7-10-8(9)6-4-2/h4,6H,3,5,7H2,1-2H3/b6-4+","GWCTUKHUBWMAMI-GQCTYLIASA-N"
"11,14-Eicosadienoic acid, methyl ester",5365566,"CCCCCC=CCC=CCCCCCCCCCC(=O)OC","CCCCC/C=C/C/C=C/CCCCCCCCCC(=O)OC","InChI=1S/C21H38O2/c1-3-4-5-6-7-8-9-10-11-12-13-14-15-16-17-18-19-20-21(22)23-2/h7-8,10-11H,3-6,9,12-20H2,1-2H3/b8-7+,11-10+","GWJCFAOQCNNFAM-ZDVGBALWSA-N"
"2,6-Diisopropylnaphthalene",32241,"CC(C)C1=CC2=C(C=C1)C=C(C=C2)C(C)C","CC(C)C1=CC2=C(C=C1)C=C(C=C2)C(C)C","InChI=1S/C16H20/c1-11(2)13-5-7-16-10-14(12(3)4)6-8-15(16)9-13/h5-12H,1-4H3","GWLLTEXUIOFAFE-UHFFFAOYSA-N"
"2-Pentyl-1,3-dioxolane",77050,"CCCCCC1OCCO1","CCCCCC1OCCO1","InChI=1S/C8H16O2/c1-2-3-4-5-8-9-6-7-10-8/h8H,2-7H2,1H3","GXLCAMYCQRAOMY-UHFFFAOYSA-N"
"Diglycolic acid, 4-methoxybenzyl octyl ester",91711094,"CCCCCCCCOC(=O)COCC(=O)OCC1=CC=C(C=C1)OC","CCCCCCCCOC(=O)COCC(=O)OCC1=CC=C(C=C1)OC","InChI=1S/C20H30O6/c1-3-4-5-6-7-8-13-25-19(21)15-24-16-20(22)26-14-17-9-11-18(23-2)12-10-17/h9-12H,3-8,13-16H2,1-2H3","HANKYJXHIVGYMA-UHFFFAOYSA-N"
"Urea, triethyl-",29376,"CCNC(=O)N(CC)CC","CCNC(=O)N(CC)CC","InChI=1S/C7H16N2O/c1-4-8-7(10)9(5-2)6-3/h4-6H2,1-3H3,(H,8,10)","HJKYLTYAGGYRAZ-UHFFFAOYSA-N"
"Palmitic Acid, TMS derivative",521638,"CCCCCCCCCCCCCCCC(=O)O[Si](C)(C)C","CCCCCCCCCCCCCCCC(=O)O[Si](C)(C)C","InChI=1S/C19H40O2Si/c1-5-6-7-8-9-10-11-12-13-14-15-16-17-18-19(20)21-22(2,3)4/h5-18H2,1-4H3","HKNNSWCACQFVIK-UHFFFAOYSA-N"
"Cyclotetrasiloxane, octamethyl-",11169,"C[Si]1(O[Si](O[Si](O[Si](O1)(C)C)(C)C)(C)C)C","C[Si]1(O[Si](O[Si](O[Si](O1)(C)C)(C)C)(C)C)C","InChI=1S/C8H24O4Si4/c1-13(2)9-14(3,4)11-16(7,8)12-15(5,6)10-13/h1-8H3","HMMGMWAXVFQUOA-UHFFFAOYSA-N"
"Oxalic acid, cyclobutyl pentadecyl ester",6420624,"CCCCCCCCCCCCCCCOC(=O)C(=O)OC1CCC1","CCCCCCCCCCCCCCCOC(=O)C(=O)OC1CCC1","InChI=1S/C21H38O4/c1-2-3-4-5-6-7-8-9-10-11-12-13-14-18-24-20(22)21(23)25-19-16-15-17-19/h19H,2-18H2,1H3","HOMJDALBRSSXAY-UHFFFAOYSA-N"
"Methyl stearate",8201,"CCCCCCCCCCCCCCCCCC(=O)OC","CCCCCCCCCCCCCCCCCC(=O)OC","InChI=1S/C19H38O2/c1-3-4-5-6-7-8-9-10-11-12-13-14-15-16-17-18-19(20)21-2/h3-18H2,1-2H3","HPEUJPJOZXNMSJ-UHFFFAOYSA-N"
"Adipic acid, hexyl pentyl ester",91713929,"CCCCCCOC(=O)CCCCC(=O)OCCCCC","CCCCCCOC(=O)CCCCC(=O)OCCCCC","InChI=1S/C17H32O4/c1-3-5-7-11-15-21-17(19)13-9-8-12-16(18)20-14-10-6-4-2/h3-15H2,1-2H3","HQOMTAMVSABIRT-UHFFFAOYSA-N"
"Benzoic acid, 4-ethoxy-, ethyl ester",90232,"CCOC1=CC=C(C=C1)C(=O)OCC","CCOC1=CC=C(C=C1)C(=O)OCC","InChI=1S/C11H14O3/c1-3-13-10-7-5-9(6-8-10)11(12)14-4-2/h5-8H,3-4H2,1-2H3","HRAQMGWTPNOILP-UHFFFAOYSA-N"
"Hexadecanamide",69421,"CCCCCCCCCCCCCCCC(=O)N","CCCCCCCCCCCCCCCC(=O)N","InChI=1S/C16H33NO/c1-2-3-4-5-6-7-8-9-10-11-12-13-14-15-16(17)18/h2-15H2,1H3,(H2,17,18)","HSEMFIZWXHQJAE-UHFFFAOYSA-N"
"Benzenesulfonamide, N-(adamantan-1-yl)methyl-2-methyl-5-nitro-",3995394,"CC1=C(C=C(C=C1)[N+](=O)[O-])S(=O)(=O)NCC23CC4CC(C2)CC(C4)C3","CC1=C(C=C(C=C1)[N+](=O)[O-])S(=O)(=O)NCC23CC4CC(C2)CC(C4)C3","InChI=1S/C18H24N2O4S/c1-12-2-3-16(20(21)22)7-17(12)25(23,24)19-11-18-8-13-4-14(9-18)6-15(5-13)10-18/h2-3,7,13-15,19H,4-6,8-11H2,1H3","HURMJVKJXXXVEX-UHFFFAOYSA-N"
"Nonanoic acid, 2-oxo-, methyl ester",545673,"CCCCCCCC(=O)C(=O)OC","CCCCCCCC(=O)C(=O)OC","InChI=1S/C10H18O3/c1-3-4-5-6-7-8-9(11)10(12)13-2/h3-8H2,1-2H3","HUSBNWDARRYDJC-UHFFFAOYSA-N"
"Cholesterol",5997,"CC(C)CCCC(C)C1CCC2C1(CCC3C2CC=C4C3(CCC(C4)O)C)C","C[C@H](CCCC(C)C)[C@H]1CC[C@@H]2[C@@]1(CC[C@H]3[C@H]2CC=C4[C@@]3(CC[C@@H](C4)O)C)C","InChI=1S/C27H46O/c1-18(2)7-6-8-19(3)23-11-12-24-22-10-9-20-17-21(28)13-15-26(20,4)25(22)14-16-27(23,24)5/h9,18-19,21-25,28H,6-8,10-17H2,1-5H3/t19-,21+,22+,23-,24+,25+,26+,27-/m1/s1","HVYWMOMLDIMFJA-DPAQBDIFSA-N"
"Phthalimidomethyl 3-methoxybenzoate",555048,"COC1=CC=CC(=C1)C(=O)OCN2C(=O)C3=CC=CC=C3C2=O","COC1=CC=CC(=C1)C(=O)OCN2C(=O)C3=CC=CC=C3C2=O","InChI=1S/C17H13NO5/c1-22-12-6-4-5-11(9-12)17(21)23-10-18-15(19)13-7-2-3-8-14(13)16(18)20/h2-9H,10H2,1H3","HXDKUACPMFBXJY-UHFFFAOYSA-N"
"Silane, trimethyl-2-propenyl-",69808,"C[Si](C)(C)CC=C","C[Si](C)(C)CC=C","InChI=1S/C6H14Si/c1-5-6-7(2,3)4/h5H,1,6H2,2-4H3","HYWCXWRMUZYRPH-UHFFFAOYSA-N"
"Oxalic acid, propyl tetradecyl ester",6420360,"CCCCCCCCCCCCCCOC(=O)C(=O)OCCC","CCCCCCCCCCCCCCOC(=O)C(=O)OCCC","InChI=1S/C19H36O4/c1-3-5-6-7-8-9-10-11-12-13-14-15-17-23-19(21)18(20)22-16-4-2/h3-17H2,1-2H3","HYYOMZMFKIFACV-UHFFFAOYSA-N"
"2,4-Di-tert-butylphenol",7311,"CC(C)(C)C1=CC(=C(C=C1)O)C(C)(C)C","CC(C)(C)C1=CC(=C(C=C1)O)C(C)(C)C","InChI=1S/C14H22O/c1-13(2,3)10-7-8-12(15)11(9-10)14(4,5)6/h7-9,15H,1-6H3","ICKWICRCANNIBI-UHFFFAOYSA-N"
"Ethanamine, 2,2',2''-[1,2,3-benzenetriyltris(oxy)]tris[N,N-diethyl-",67425,"CCN(CC)CCOC1=C(C(=CC=C1)OCCN(CC)CC)OCCN(CC)CC","CCN(CC)CCOC1=C(C(=CC=C1)OCCN(CC)CC)OCCN(CC)CC","InChI=1S/C24H45N3O3/c1-7-25(8-2)16-19-28-22-14-13-15-23(29-20-17-26(9-3)10-4)24(22)30-21-18-27(11-5)12-6/h13-15H,7-12,16-21H2,1-6H3","ICLWTJIMXVISSR-UHFFFAOYSA-N"
"N-[3-(Dimethylamino)propyl]tetradecanamide",170759,"CCCCCCCCCCCCCC(=O)NCCCN(C)C","CCCCCCCCCCCCCC(=O)NCCCN(C)C","InChI=1S/C19H40N2O/c1-4-5-6-7-8-9-10-11-12-13-14-16-19(22)20-17-15-18-21(2)3/h4-18H2,1-3H3,(H,20,22)","IFYDWYVPVAMGRO-UHFFFAOYSA-N"
"1,4-Dioxane-2,5-diol, 2TBDMS derivative",91709818,"CC(C)(C)[Si](C)(C)OC1COC(CO1)O[Si](C)(C)C(C)(C)C","CC(C)(C)[Si](C)(C)OC1COC(CO1)O[Si](C)(C)C(C)(C)C","InChI=1S/C16H36O4Si2/c1-15(2,3)21(7,8)19-13-11-18-14(12-17-13)20-22(9,10)16(4,5)6/h13-14H,11-12H2,1-10H3","IHJHTRMGOYLKAP-UHFFFAOYSA-N"
"Dodecanamide",14256,"CCCCCCCCCCCC(=O)N","CCCCCCCCCCCC(=O)N","InChI=1S/C12H25NO/c1-2-3-4-5-6-7-8-9-10-11-12(13)14/h2-11H2,1H3,(H2,13,14)","ILRSCQWREDREME-UHFFFAOYSA-N"
"Tetradecane, 2,6,10-trimethyl-",85785,"CCCCC(C)CCCC(C)CCCC(C)C","CCCCC(C)CCCC(C)CCCC(C)C","InChI=1S/C17H36/c1-6-7-11-16(4)13-9-14-17(5)12-8-10-15(2)3/h15-17H,6-14H2,1-5H3","IMTCMWSWXFQQDL-UHFFFAOYSA-N"
"Benzothiazole",7222,"C1=CC=C2C(=C1)N=CS2","C1=CC=C2C(=C1)N=CS2","InChI=1S/C7H5NS/c1-2-4-7-6(3-1)8-5-9-7/h1-5H","IOJUPLGTWVMSFF-UHFFFAOYSA-N"
"2,2,3,3,4,4,5,5,6,6,7,7,8,8,9,9,10,10,11,11,12,12,13,13,14,14,15,15,16,16,16-hentriacontadeuteriohexadecanoic acid",16212358,"CCCCCCCCCCCCCCCC(=O)O","[2H]C([2H])([2H])C([2H])([2H])C([2H])([2H])C([2H])([2H])C([2H])([2H])C([2H])([2H])C([2H])([2H])C([2H])([2H])C([2H])([2H])C([2H])([2H])C([2H])([2H])C([2H])([2H])C([2H])([2H])C([2H])([2H])C([2H])([2H])C(=O)O","InChI=1S/C16H32O2/c1-2-3-4-5-6-7-8-9-10-11-12-13-14-15-16(17)18/h2-15H2,1H3,(H,17,18)/i1D3,2D2,3D2,4D2,5D2,6D2,7D2,8D2,9D2,10D2,11D2,12D2,13D2,14D2,15D2","IPCSVZSSVZVIGE-SAQPIRCFSA-N"
"n-Hexadecanoic acid",985,"CCCCCCCCCCCCCCCC(=O)O","CCCCCCCCCCCCCCCC(=O)O","InChI=1S/C16H32O2/c1-2-3-4-5-6-7-8-9-10-11-12-13-14-15-16(17)18/h2-15H2,1H3,(H,17,18)","IPCSVZSSVZVIGE-UHFFFAOYSA-N"
"1,7-Di(2-methylbutyl)-2,2,4,4,6,6-hexamethyl-1,3,5,7-tetraoxa-2,4,6-trisilaheptane",91696082,"CCC(C)CO[Si](C)(C)O[Si](C)(C)O[Si](C)(C)OCC(C)CC","CCC(C)CO[Si](C)(C)O[Si](C)(C)O[Si](C)(C)OCC(C)CC","InChI=1S/C16H40O4Si3/c1-11-15(3)13-17-21(5,6)19-23(9,10)20-22(7,8)18-14-16(4)12-2/h15-16H,11-14H2,1-10H3","IPQBSDXQMPVYJY-UHFFFAOYSA-N"
"AM3102",10569111,"CCCCCCCCC=CCCCCCCCC(=O)NC(C)CO","CCCCCCCC/C=C\CCCCCCCC(=O)N[C@H](C)CO","InChI=1S/C21H41NO2/c1-3-4-5-6-7-8-9-10-11-12-13-14-15-16-17-18-21(24)22-20(2)19-23/h10-11,20,23H,3-9,12-19H2,1-2H3,(H,22,24)/b11-10-/t20-/m1/s1","IPVYNYWIRWMRHH-JPMGXVIASA-N"
"2(3H)-Benzothiazolethione, 3-methyl-",75264,"CN1C2=CC=CC=C2SC1=S","CN1C2=CC=CC=C2SC1=S","InChI=1S/C8H7NS2/c1-9-6-4-2-3-5-7(6)11-8(9)10/h2-5H,1H3","IRNRNPNZAKHEAW-UHFFFAOYSA-N"
"Cyclononasiloxane, octadecamethyl-",11172,"C[Si]1(O[Si](O[Si](O[Si](O[Si](O[Si](O[Si](O[Si](O[Si](O1)(C)C)(C)C)(C)C)(C)C)(C)C)(C)C)(C)C)(C)C)C","C[Si]1(O[Si](O[Si](O[Si](O[Si](O[Si](O[Si](O[Si](O[Si](O1)(C)C)(C)C)(C)C)(C)C)(C)C)(C)C)(C)C)(C)C)C","InChI=1S/C18H54O9Si9/c1-28(2)19-29(3,4)21-31(7,8)23-33(11,12)25-35(15,16)27-36(17,18)26-34(13,14)24-32(9,10)22-30(5,6)20-28/h1-18H3","ISXOGOLHEGHGQF-UHFFFAOYSA-N"
"Cyclohexasiloxane, dodecamethyl-",10911,"C[Si]1(O[Si](O[Si](O[Si](O[Si](O[Si](O1)(C)C)(C)C)(C)C)(C)C)(C)C)C","C[Si]1(O[Si](O[Si](O[Si](O[Si](O[Si](O1)(C)C)(C)C)(C)C)(C)C)(C)C)C","InChI=1S/C12H36O6Si6/c1-19(2)13-20(3,4)15-22(7,8)17-24(11,12)18-23(9,10)16-21(5,6)14-19/h1-12H3","IUMSDRXLFWAGNT-UHFFFAOYSA-N"
"Hexamethyl-pyranoindane",155569913,"CC1(C2=C(C3=C(C=C2)OCC=C3)C(C1(C)C)(C)C)C","CC1(C2=C(C3=C(C=C2)OCC=C3)C(C1(C)C)(C)C)C","InChI=1S/C18H24O/c1-16(2)13-9-10-14-12(8-7-11-19-14)15(13)17(3,4)18(16,5)6/h7-10H,11H2,1-6H3","IVKSASVHJJSFBG-UHFFFAOYSA-N"
"10,11-Dihydro-2,3,6-trimethoxydibenz(b,f)oxepin-10-one",627203,"COC1=CC=CC2=C1OC3=CC(=C(C=C3CC2=O)OC)OC","COC1=CC=CC2=C1OC3=CC(=C(C=C3CC2=O)OC)OC","InChI=1S/C17H16O5/c1-19-13-6-4-5-11-12(18)7-10-8-15(20-2)16(21-3)9-14(10)22-17(11)13/h4-6,8-9H,7H2,1-3H3","IYNPUWVRISUMML-UHFFFAOYSA-N"
"8,11-Heptadecadienal, (8Z,11Z)-",6430322,"CCCCCC=CCC=CCCCCCCC=O","CCCCC/C=C\C/C=C\CCCCCCC=O","InChI=1S/C17H30O/c1-2-3-4-5-6-7-8-9-10-11-12-13-14-15-16-17-18/h6-7,9-10,17H,2-5,8,11-16H2,1H3/b7-6-,10-9-","JEBIMSVVDVTZIY-HZJYTTRNSA-N"
"Hexanamide, N-hexanoyl-N-allyl-",91701193,"CCCCCC(=O)N(CC=C)C(=O)CCCCC","CCCCCC(=O)N(CC=C)C(=O)CCCCC","InChI=1S/C15H27NO2/c1-4-7-9-11-14(17)16(13-6-3)15(18)12-10-8-5-2/h6H,3-5,7-13H2,1-2H3","JEEDRMAFKMCJNJ-UHFFFAOYSA-N"
"Octasiloxane, 1,1,3,3,5,5,7,7,9,9,11,11,13,13,15,15-hexadecamethyl-",6329087,"C[Si](C)O[Si](C)(C)O[Si](C)(C)O[Si](C)(C)O[Si](C)(C)O[Si](C)(C)O[Si](C)(C)O[Si](C)C","C[Si](C)O[Si](C)(C)O[Si](C)(C)O[Si](C)(C)O[Si](C)(C)O[Si](C)(C)O[Si](C)(C)O[Si](C)C","InChI=1S/C16H48O7Si8/c1-24(2)17-26(5,6)19-28(9,10)21-30(13,14)23-31(15,16)22-29(11,12)20-27(7,8)18-25(3)4/h1-16H3","JETFAOWLNCGULZ-UHFFFAOYSA-N"
"(+) Tubocurarine",6000,"CN1CCC2=CC(=C3C=C2C1CC4=CC=C(C=C4)OC5=C6C(CC7=CC(=C(C=C7)O)O3)[N+](CCC6=CC(=C5O)OC)(C)C)OC","CN1CCC2=CC(=C3C=C2[C@@H]1CC4=CC=C(C=C4)OC5=C6[C@@H](CC7=CC(=C(C=C7)O)O3)[N+](CCC6=CC(=C5O)OC)(C)C)OC","InChI=1S/C37H40N2O6/c1-38-14-12-24-19-32(42-4)33-21-27(24)28(38)16-22-6-9-26(10-7-22)44-37-35-25(20-34(43-5)36(37)41)13-15-39(2,3)29(35)17-23-8-11-30(40)31(18-23)45-33/h6-11,18-21,28-29H,12-17H2,1-5H3,(H-,40,41)/p+1/t28-,29+/m0/s1","JFJZZMVDLULRGK-URLMMPGGSA-O"
"2,5-Dimethylhexane-2,5-dihydroperoxide",520470,"CC(C)(CCC(C)(C)OO)OO","CC(C)(CCC(C)(C)OO)OO","InChI=1S/C8H18O4/c1-7(2,11-9)5-6-8(3,4)12-10/h9-10H,5-6H2,1-4H3","JGBAASVQPMTVHO-UHFFFAOYSA-N"
"Tetrasiloxane, 3,5-diethoxy-1,1,1,7,7,7-hexamethyl-3,5-bis(trimethylsiloxy)-",553847,"CCO[Si](O[Si](C)(C)C)(O[Si](C)(C)C)O[Si](OCC)(O[Si](C)(C)C)O[Si](C)(C)C","CCO[Si](O[Si](C)(C)C)(O[Si](C)(C)C)O[Si](OCC)(O[Si](C)(C)C)O[Si](C)(C)C","InChI=1S/C16H46O7Si6/c1-15-17-28(19-24(3,4)5,20-25(6,7)8)23-29(18-16-2,21-26(9,10)11)22-27(12,13)14/h15-16H2,1-14H3","JGZQJLYKXNKEPF-UHFFFAOYSA-N"
"N-(2-hydroxyethyl)tetradecanamide",8890,"CCCCCCCCCCCCCC(=O)NCCO","CCCCCCCCCCCCCC(=O)NCCO","InChI=1S/C16H33NO2/c1-2-3-4-5-6-7-8-9-10-11-12-13-16(19)17-14-15-18/h18H,2-15H2,1H3,(H,17,19)","JHIXEZNTXMFXEK-UHFFFAOYSA-N"
"Heptasiloxane, 1,1,3,3,5,5,7,7,9,9,11,11,13,13-tetradecamethyl-",6329088,"C[Si](C)O[Si](C)(C)O[Si](C)(C)O[Si](C)(C)O[Si](C)(C)O[Si](C)(C)O[Si](C)C","C[Si](C)O[Si](C)(C)O[Si](C)(C)O[Si](C)(C)O[Si](C)(C)O[Si](C)(C)O[Si](C)C","InChI=1S/C14H42O6Si7/c1-21(2)15-23(5,6)17-25(9,10)19-27(13,14)20-26(11,12)18-24(7,8)16-22(3)4/h1-14H3","JJIDUNHDYJESJA-UHFFFAOYSA-N"
"2,5-Ccyclohexadien-1-one, 2,6-bis(1,1-dimethylethyl)-4-methylene-",107736,"CC(C)(C)C1=CC(=C)C=C(C1=O)C(C)(C)C","CC(C)(C)C1=CC(=C)C=C(C1=O)C(C)(C)C","InChI=1S/C15H22O/c1-10-8-11(14(2,3)4)13(16)12(9-10)15(5,6)7/h8-9H,1H2,2-7H3","JJQCWPWUHZFKBN-UHFFFAOYSA-N"
"Cyclohexadecane",67526,"C1CCCCCCCCCCCCCCC1","C1CCCCCCCCCCCCCCC1","InChI=1S/C16H32/c1-2-4-6-8-10-12-14-16-15-13-11-9-7-5-3-1/h1-16H2","JJWIOXUMXIOXQN-UHFFFAOYSA-N"
"Phenol, 2,4-bis(1,1-dimethylethyl)-, phosphite (3:1)",91601,"CC(C)(C)C1=CC(=C(C=C1)OP(OC2=C(C=C(C=C2)C(C)(C)C)C(C)(C)C)OC3=C(C=C(C=C3)C(C)(C)C)C(C)(C)C)C(C)(C)C","CC(C)(C)C1=CC(=C(C=C1)OP(OC2=C(C=C(C=C2)C(C)(C)C)C(C)(C)C)OC3=C(C=C(C=C3)C(C)(C)C)C(C)(C)C)C(C)(C)C","InChI=1S/C42H63O3P/c1-37(2,3)28-19-22-34(31(25-28)40(10,11)12)43-46(44-35-23-20-29(38(4,5)6)26-32(35)41(13,14)15)45-36-24-21-30(39(7,8)9)27-33(36)42(16,17)18/h19-27H,1-18H3","JKIJEFPNVSHHEI-UHFFFAOYSA-N"
"Cyclic octaatomic sulfur",66348,"S1SSSSSSS1","S1SSSSSSS1","InChI=1S/S8/c1-2-4-6-8-7-5-3-1","JLQNHALFVCURHW-UHFFFAOYSA-N"
"Phthalic acid, 6-methylhept-2-yl nonyl ester",91720267,"CCCCCCCCCOC(=O)C1=CC=CC=C1C(=O)OC(C)CCCC(C)C","CCCCCCCCCOC(=O)C1=CC=CC=C1C(=O)OC(C)CCCC(C)C","InChI=1S/C25H40O4/c1-5-6-7-8-9-10-13-19-28-24(26)22-17-11-12-18-23(22)25(27)29-21(4)16-14-15-20(2)3/h11-12,17-18,20-21H,5-10,13-16,19H2,1-4H3","JQHJESVUFUNCLT-UHFFFAOYSA-N"
"1-Hexadecanol, TMS derivative",22588,"CCCCCCCCCCCCCCCCO[Si](C)(C)C","CCCCCCCCCCCCCCCCO[Si](C)(C)C","InChI=1S/C19H42OSi/c1-5-6-7-8-9-10-11-12-13-14-15-16-17-18-19-20-21(2,3)4/h5-19H2,1-4H3","JTMICAOGVLZKRG-UHFFFAOYSA-N"
"Oxalic acid, allyl octadecyl ester",6420237,"CCCCCCCCCCCCCCCCCCOC(=O)C(=O)OCC=C","CCCCCCCCCCCCCCCCCCOC(=O)C(=O)OCC=C","InChI=1S/C23H42O4/c1-3-5-6-7-8-9-10-11-12-13-14-15-16-17-18-19-21-27-23(25)22(24)26-20-4-2/h4H,2-3,5-21H2,1H3","JUETYCJINGVUAJ-UHFFFAOYSA-N"
"(3-Glycidyloxypropyl)triethoxysilane",102856,"CCO[Si](CCCOCC1CO1)(OCC)OCC","CCO[Si](CCCOCC1CO1)(OCC)OCC","InChI=1S/C12H26O5Si/c1-4-15-18(16-5-2,17-6-3)9-7-8-13-10-12-11-14-12/h12H,4-11H2,1-3H3","JXUKBNICSRJFAP-UHFFFAOYSA-N"
"1-Phenanthrenecarboxaldehyde, 1,2,3,4,4a,9,10,10a-octahydro-1,4a-dimethyl-7-(1-methylethyl)-, [1R-(1a,4aﬂ,10aa)]-",5360545,"[Na]","[Na]","InChI=1S/Na","KEAYESYHFKHZAL-UHFFFAOYSA-N"
"(4-methylphenyl) 4-cyanobenzoate",122963,"CC1=CC=C(C=C1)OC(=O)C2=CC=C(C=C2)C#N","CC1=CC=C(C=C1)OC(=O)C2=CC=C(C=C2)C#N","InChI=1S/C15H11NO2/c1-11-2-8-14(9-3-11)18-15(17)13-6-4-12(10-16)5-7-13/h2-9H,1H3","KGPJCLWSEDMMGA-UHFFFAOYSA-N"
"Butanedioic acid, tetrakis[(trimethylsilyl)oxy]-, bis(trimethylsilyl) ester",627983,"C[Si](C)(C)OC(=O)C(C(C(=O)O[Si](C)(C)C)(O[Si](C)(C)C)O[Si](C)(C)C)(O[Si](C)(C)C)O[Si](C)(C)C","C[Si](C)(C)OC(=O)C(C(C(=O)O[Si](C)(C)C)(O[Si](C)(C)C)O[Si](C)(C)C)(O[Si](C)(C)C)O[Si](C)(C)C","InChI=1S/C22H54O8Si6/c1-31(2,3)25-19(23)21(27-33(7,8)9,28-34(10,11)12)22(29-35(13,14)15,30-36(16,17)18)20(24)26-32(4,5)6/h1-18H3","KHESSXXKWXMHCB-UHFFFAOYSA-N"
"1-Undecanol",8184,"CCCCCCCCCCCO","CCCCCCCCCCCO","InChI=1S/C11H24O/c1-2-3-4-5-6-7-8-9-10-11-12/h12H,2-11H2,1H3","KJIOQYGWTQBHNH-UHFFFAOYSA-N"
"Methyl (Z)-3,3-diphenyl-4-hexenoate",14338218,"CC=CC(CC(=O)OC)(C1=CC=CC=C1)C2=CC=CC=C2","C/C=C\C(CC(=O)OC)(C1=CC=CC=C1)C2=CC=CC=C2","InChI=1S/C19H20O2/c1-3-14-19(15-18(20)21-2,16-10-6-4-7-11-16)17-12-8-5-9-13-17/h3-14H,15H2,1-2H3/b14-3-","KKCXSJANCOOITF-BNNQUZSASA-N"
"2-(2-{[2-(2,3-dihydro-1H-indol-1-yl)-2-oxoethyl]sulfanyl}-1,3-benzothiazol-6-yl)hexahydro-1H-isoindole-1,3(2H)-dione",3398879,"C1CCC2C(C1)C(=O)N(C2=O)C3=CC4=C(C=C3)N=C(S4)SCC(=O)N5CCC6=CC=CC=C65","C1CCC2C(C1)C(=O)N(C2=O)C3=CC4=C(C=C3)N=C(S4)SCC(=O)N5CCC6=CC=CC=C65","InChI=1S/C25H23N3O3S2/c29-22(27-12-11-15-5-1-4-8-20(15)27)14-32-25-26-19-10-9-16(13-21(19)33-25)28-23(30)17-6-2-3-7-18(17)24(28)31/h1,4-5,8-10,13,17-18H,2-3,6-7,11-12,14H2","KKKIQZSJLMKDCY-UHFFFAOYSA-N"
"p-Tolylsulfonamide, N-(2'-benzoylphenyl)-N-methyl-",610818,"CC1=CC=C(C=C1)S(=O)(=O)N(C)C2=CC=CC=C2C(=O)C3=CC=CC=C3","CC1=CC=C(C=C1)S(=O)(=O)N(C)C2=CC=CC=C2C(=O)C3=CC=CC=C3","InChI=1S/C21H19NO3S/c1-16-12-14-18(15-13-16)26(24,25)22(2)20-11-7-6-10-19(20)21(23)17-8-4-3-5-9-17/h3-15H,1-2H3","KLHADNVXJCXFIS-UHFFFAOYSA-N"
"Octadecane, 2-methyl-",15264,"CCCCCCCCCCCCCCCCC(C)C","CCCCCCCCCCCCCCCCC(C)C","InChI=1S/C19H40/c1-4-5-6-7-8-9-10-11-12-13-14-15-16-17-18-19(2)3/h19H,4-18H2,1-3H3","KVQVGSDBGJXNGV-UHFFFAOYSA-N"
"Cyclopentaneacetic acid, 3-oxo-2-pentyl-, methyl ester",102861,"CCCCCC1C(CCC1=O)CC(=O)OC","CCCCCC1C(CCC1=O)CC(=O)OC","InChI=1S/C13H22O3/c1-3-4-5-6-11-10(7-8-12(11)14)9-13(15)16-2/h10-11H,3-9H2,1-2H3","KVWWIYGFBYDJQC-UHFFFAOYSA-N"
"Glycidyl palmitate",347736,"CCCCCCCCCCCCCCCC(=O)OCC1CO1","CCCCCCCCCCCCCCCC(=O)OCC1CO1","InChI=1S/C19H36O3/c1-2-3-4-5-6-7-8-9-10-11-12-13-14-15-19(20)22-17-18-16-21-18/h18H,2-17H2,1H3","KYVUJPJYTYQNGJ-UHFFFAOYSA-N"
"2-(N-Methylamino)-3,7,11-trimethyl-1,3-dodecanediol",19928714,"CC(C)CCCC(C)CCCC(C)(C(CO)NC)O","CC(C)CCCC(C)CCCC(C)(C(CO)NC)O","InChI=1S/C16H35NO2/c1-13(2)8-6-9-14(3)10-7-11-16(4,19)15(12-18)17-5/h13-15,17-19H,6-12H2,1-5H3","LCIWWMFNDBZAFP-UHFFFAOYSA-N"
"Butyl 9-tetradecenoate",87382688,"CCCCC=CCCCCCCCC(=O)OCCCC","CCCC/C=C\CCCCCCCC(=O)OCCCC","InChI=1S/C18H34O2/c1-3-5-7-8-9-10-11-12-13-14-15-16-18(19)20-17-6-4-2/h8-9H,3-7,10-17H2,1-2H3/b9-8-","LFMBHXDRHWERDI-HJWRWDBZSA-N"
"Phthalic acid, nonyl tridec-2-yn-1-yl ester",6423836,"CCCCCCCCCCC#CCOC(=O)C1=CC=CC=C1C(=O)OCCCCCCCCC","CCCCCCCCCCC#CCOC(=O)C1=CC=CC=C1C(=O)OCCCCCCCCC","InChI=1S/C30H46O4/c1-3-5-7-9-11-12-13-14-16-18-22-26-34-30(32)28-24-20-19-23-27(28)29(31)33-25-21-17-15-10-8-6-4-2/h19-20,23-24H,3-17,21,25-26H2,1-2H3","LFXMOQHPAFWMGJ-UHFFFAOYSA-N"
"Hexanamide, N-allyl-",4153372,"CCCCCC(=O)NCC=C","CCCCCC(=O)NCC=C","InChI=1S/C9H17NO/c1-3-5-6-7-9(11)10-8-4-2/h4H,2-3,5-8H2,1H3,(H,10,11)","LOZLMTIKLHNPLV-UHFFFAOYSA-N"
"5,6-Dihydro-4H-pyrrolo[1,2-b]pyrazole",11073365,"C1CC2=CC=NN2C1","C1CC2=CC=NN2C1","InChI=1S/C6H8N2/c1-2-6-3-4-7-8(6)5-1/h3-4H,1-2,5H2","LQKUERRPRLVSLZ-UHFFFAOYSA-N"
"3-Methyl-3H-benzothiazol-2-one",76031,"CN1C2=CC=CC=C2SC1=O","CN1C2=CC=CC=C2SC1=O","InChI=1S/C8H7NOS/c1-9-6-4-2-3-5-7(6)11-8(9)10/h2-5H,1H3","LSMMRJUHLKJNLR-UHFFFAOYSA-N"
"6,6'-Methylenebis(2,4-di-tert-butylphenol)",84391,"CC(C)(C)C1=CC(=C(C(=C1)C(C)(C)C)O)CC2=C(C(=CC(=C2)C(C)(C)C)C(C)(C)C)O","CC(C)(C)C1=CC(=C(C(=C1)C(C)(C)C)O)CC2=C(C(=CC(=C2)C(C)(C)C)C(C)(C)C)O","InChI=1S/C29H44O2/c1-26(2,3)20-14-18(24(30)22(16-20)28(7,8)9)13-19-15-21(27(4,5)6)17-23(25(19)31)29(10,11)12/h14-17,30-31H,13H2,1-12H3","LXWZXEJDKYWBOW-UHFFFAOYSA-N"
"1,2-Cyclohexanedicarboxylic acid, octyl 3-pentyl ester",91722034,"CCCCCCCCOC(=O)C1CCCCC1C(=O)OC(CC)CC","CCCCCCCCOC(=O)C1CCCCC1C(=O)OC(CC)CC","InChI=1S/C21H38O4/c1-4-7-8-9-10-13-16-24-20(22)18-14-11-12-15-19(18)21(23)25-17(5-2)6-3/h17-19H,4-16H2,1-3H3","MBZVBXUINDDMBB-UHFFFAOYSA-N"
"Hexasiloxane, 1,1,3,3,5,5,7,7,9,9,11,11-dodecamethyl-",6329090,"C[Si](C)O[Si](C)(C)O[Si](C)(C)O[Si](C)(C)O[Si](C)(C)O[Si](C)C","C[Si](C)O[Si](C)(C)O[Si](C)(C)O[Si](C)(C)O[Si](C)(C)O[Si](C)C","InChI=1S/C12H36O5Si6/c1-18(2)13-20(5,6)15-22(9,10)17-23(11,12)16-21(7,8)14-19(3)4/h1-12H3","MEJKNMVFSMYBHE-UHFFFAOYSA-N"
"1-Butanol, 3-methyl-, benzoate",7193,"CC(C)CCOC(=O)C1=CC=CC=C1","CC(C)CCOC(=O)C1=CC=CC=C1","InChI=1S/C12H16O2/c1-10(2)8-9-14-12(13)11-6-4-3-5-7-11/h3-7,10H,8-9H2,1-2H3","MLLAPOCBLWUFAP-UHFFFAOYSA-N"
"3-Methylsalicylic acid, 2TMS derivative",624536,"CC1=C(C(=CC=C1)C(=O)O[Si](C)(C)C)O[Si](C)(C)C","CC1=C(C(=CC=C1)C(=O)O[Si](C)(C)C)O[Si](C)(C)C","InChI=1S/C14H24O3Si2/c1-11-9-8-10-12(13(11)16-18(2,3)4)14(15)17-19(5,6)7/h8-10H,1-7H3","MMUCIJOPDDWEJV-UHFFFAOYSA-N"
"Pentadecane, 7-methyl-",22545,"CCCCCCCCC(C)CCCCCC","CCCCCCCCC(C)CCCCCC","InChI=1S/C16H34/c1-4-6-8-10-11-13-15-16(3)14-12-9-7-5-2/h16H,4-15H2,1-3H3","MOKGOCMIDWMCHO-UHFFFAOYSA-N"
"Phenol, 2,2'-methylenebis-",75575,"C1=CC=C(C(=C1)CC2=CC=CC=C2O)O","C1=CC=C(C(=C1)CC2=CC=CC=C2O)O","InChI=1S/C13H12O2/c14-12-7-3-1-5-10(12)9-11-6-2-4-8-13(11)15/h1-8,14-15H,9H2","MQCPOLNSJCWPGT-UHFFFAOYSA-N"
"3-Cyclopentylpropionic acid, 2-dimethylaminoethyl ester",91693811,"CN(C)CCOC(=O)CCC1CCCC1","CN(C)CCOC(=O)CCC1CCCC1","InChI=1S/C12H23NO2/c1-13(2)9-10-15-12(14)8-7-11-5-3-4-6-11/h11H,3-10H2,1-2H3","MXAXYEGDUFNYRX-UHFFFAOYSA-N"
"Dimantine",15365,"CCCCCCCCCCCCCCCCCCN(C)C","CCCCCCCCCCCCCCCCCCN(C)C","InChI=1S/C20H43N/c1-4-5-6-7-8-9-10-11-12-13-14-15-16-17-18-19-20-21(2)3/h4-20H2,1-3H3","NAPSCFZYZVSQHF-UHFFFAOYSA-N"
"Phthalic acid, cyclobutyl decyl ester",6423427,"CCCCCCCCCCOC(=O)C1=CC=CC=C1C(=O)OC2CCC2","CCCCCCCCCCOC(=O)C1=CC=CC=C1C(=O)OC2CCC2","InChI=1S/C22H32O4/c1-2-3-4-5-6-7-8-11-17-25-21(23)19-15-9-10-16-20(19)22(24)26-18-13-12-14-18/h9-10,15-16,18H,2-8,11-14,17H2,1H3","NAVAZLSRWWYBTB-UHFFFAOYSA-N"
"Heptasiloxane, hexadecamethyl-",10912,"C[Si](C)(C)O[Si](C)(C)O[Si](C)(C)O[Si](C)(C)O[Si](C)(C)O[Si](C)(C)O[Si](C)(C)C","C[Si](C)(C)O[Si](C)(C)O[Si](C)(C)O[Si](C)(C)O[Si](C)(C)O[Si](C)(C)O[Si](C)(C)C","InChI=1S/C16H48O6Si7/c1-23(2,3)17-25(7,8)19-27(11,12)21-29(15,16)22-28(13,14)20-26(9,10)18-24(4,5)6/h1-16H3","NFVSFLUJRHRSJG-UHFFFAOYSA-N"
"Benzo[b]thiophene-3-carboxylic acid, 2-hexanoylamino-4,5,6,7-tetrahydro-, ethyl ester",1752437,"CCCCCC(=O)NC1=C(C2=C(S1)CCCC2)C(=O)OCC","CCCCCC(=O)NC1=C(C2=C(S1)CCCC2)C(=O)OCC","InChI=1S/C17H25NO3S/c1-3-5-6-11-14(19)18-16-15(17(20)21-4-2)12-9-7-8-10-13(12)22-16/h3-11H2,1-2H3,(H,18,19)","NGWRUZNJNSJOPC-UHFFFAOYSA-N"
"Isophorone diisocyanate",169132,"CC1(CC(CC(C1)(C)CN=C=O)N=C=O)C","CC1(CC(CC(C1)(C)CN=C=O)N=C=O)C","InChI=1S/C12H18N2O2/c1-11(2)4-10(14-9-16)5-12(3,6-11)7-13-8-15/h10H,4-7H2,1-3H3","NIMLQBUJDJZYEJ-UHFFFAOYSA-N"
"1-Dodecyl-2-pyrrolidinone",62459,"CCCCCCCCCCCCN1CCCC1=O","CCCCCCCCCCCCN1CCCC1=O","InChI=1S/C16H31NO/c1-2-3-4-5-6-7-8-9-10-11-14-17-15-12-13-16(17)18/h2-15H2,1H3","NJPQAIBZIHNJDO-UHFFFAOYSA-N"
"4-(2-hydroxyethyl)morpholin-3-one",15287400,"C1COCC(=O)N1CCO","C1COCC(=O)N1CCO","InChI=1S/C6H11NO3/c8-3-1-7-2-4-10-5-6(7)9/h8H,1-5H2","NLQNYAFMZKEJEO-UHFFFAOYSA-N"
"Pipecolic acid, N-octyloxycarbonyl-, tridecyl ester",91737642,"CCCCCCCCCCCCCOC(=O)C1CCCCN1C(=O)OCCCCCCCC","CCCCCCCCCCCCCOC(=O)C1CCCCN1C(=O)OCCCCCCCC","InChI=1S/C28H53NO4/c1-3-5-7-9-11-12-13-14-15-17-20-24-32-27(30)26-22-18-19-23-29(26)28(31)33-25-21-16-10-8-6-4-2/h26H,3-25H2,1-2H3","NLQRDKQDVRYRRO-UHFFFAOYSA-N"
"2,6-Di-tert-butyl-4-methyl-phenol",31404,"CC1=CC(=C(C(=C1)C(C)(C)C)O)C(C)(C)C","CC1=CC(=C(C(=C1)C(C)(C)C)O)C(C)(C)C","InChI=1S/C15H24O/c1-10-8-11(14(2,3)4)13(16)12(9-10)15(5,6)7/h8-9,16H,1-7H3","NLZUEZXRPGMBCV-UHFFFAOYSA-N"
"Disiloxane, 1,3-diethoxy-1,1,3,3-tetramethyl-",87635,"CCO[Si](C)(C)O[Si](C)(C)OCC","CCO[Si](C)(C)O[Si](C)(C)OCC","InChI=1S/C8H22O3Si2/c1-7-9-12(3,4)11-13(5,6)10-8-2/h7-8H2,1-6H3","NPOYZXWZANURMM-UHFFFAOYSA-N"
"2-(Cholest-5-en-3-yloxy)ethanol",174869,"CC(C)CCCC(C)C1CCC2C1(CCC3C2CC=C4C3(CCC(C4)OCCO)C)C","CC(C)CCCC(C)C1CCC2C1(CCC3C2CC=C4C3(CCC(C4)OCCO)C)C","InChI=1S/C29H50O2/c1-20(2)7-6-8-21(3)25-11-12-26-24-10-9-22-19-23(31-18-17-30)13-15-28(22,4)27(24)14-16-29(25,26)5/h9,20-21,23-27,30H,6-8,10-19H2,1-5H3","NPYXBHZQVNRAOF-UHFFFAOYSA-N"
"2-(Benzothiazol-2-ylsulfanyl)-cyclohexanone",264054,"C1CCC(=O)C(C1)SC2=NC3=CC=CC=C3S2","C1CCC(=O)C(C1)SC2=NC3=CC=CC=C3S2","InChI=1S/C13H13NOS2/c15-10-6-2-4-8-12(10)17-13-14-9-5-1-3-7-11(9)16-13/h1,3,5,7,12H,2,4,6,8H2","NSARJIPVVYSBSL-UHFFFAOYSA-N"
"N,N'-Dimethyl-N,N'-bis(furfuryl)methylenediamine",557301,"CN(CC1=CC=CO1)CN(C)CC2=CC=CO2","CN(CC1=CC=CO1)CN(C)CC2=CC=CO2","InChI=1S/C13H18N2O2/c1-14(9-12-5-3-7-16-12)11-15(2)10-13-6-4-8-17-13/h3-8H,9-11H2,1-2H3","NTKVXLMEBBQZKD-UHFFFAOYSA-N"
"6,6,8,8-Tetramethyl-2,5,7,9,12-pentaoxa-6,8-disilatridecane",91724015,"COCCO[Si](C)(C)O[Si](C)(C)OCCOC","COCCO[Si](C)(C)O[Si](C)(C)OCCOC","InChI=1S/C10H26O5Si2/c1-11-7-9-13-16(3,4)15-17(5,6)14-10-8-12-2/h7-10H2,1-6H3","NTMJKYJLZQVEPF-UHFFFAOYSA-N"
"N-(2-hydroxyethyl)-14-methylhexadecanamide",85739055,"CCC(C)CCCCCCCCCCCCC(=O)NCCO","CCC(C)CCCCCCCCCCCCC(=O)NCCO","InChI=1S/C19H39NO2/c1-3-18(2)14-12-10-8-6-4-5-7-9-11-13-15-19(22)20-16-17-21/h18,21H,3-17H2,1-2H3,(H,20,22)","NTNSWGCAYAVVAD-UHFFFAOYSA-N"
"Retene",10222,"CC1=C2C=CC3=C(C2=CC=C1)C=CC(=C3)C(C)C","CC1=C2C=CC3=C(C2=CC=C1)C=CC(=C3)C(C)C","InChI=1S/C18H18/c1-12(2)14-7-10-17-15(11-14)8-9-16-13(3)5-4-6-18(16)17/h4-12H,1-3H3","NXLOLUFNDSBYTP-UHFFFAOYSA-N"
"1-(2-Methylbutoxy)-7-heptyl-2,2,4,4,6,6-hexamethyl-1,3,5,7-tetraoxa-2,4,6-trisilaheptane",91736050,"CCCCCCCO[Si](C)(C)O[Si](C)(C)O[Si](C)(C)OCC(C)CC","CCCCCCCO[Si](C)(C)O[Si](C)(C)O[Si](C)(C)OCC(C)CC","InChI=1S/C18H44O4Si3/c1-10-12-13-14-15-16-19-23(4,5)21-25(8,9)22-24(6,7)20-17-18(3)11-2/h18H,10-17H2,1-9H3","NYBHMYUWTRBZNS-UHFFFAOYSA-N"
"2-(1,3-Dihydro-benzoimidazol-2-ylidene)-3-(2,6-dimethoxy-phenyl)-3-oxo-propionitrile",135522058,"COC1=C(C(=CC=C1)OC)C(=C(C#N)C2=NC3=CC=CC=C3N2)O","COC1=C(C(=CC=C1)OC)/C(=C(\C#N)/C2=NC3=CC=CC=C3N2)/O","InChI=1S/C18H15N3O3/c1-23-14-8-5-9-15(24-2)16(14)17(22)11(10-19)18-20-12-6-3-4-7-13(12)21-18/h3-9,22H,1-2H3,(H,20,21)/b17-11-","NZVUFVMWTPPPHI-BOPFTXTBSA-N"
"1-Methoxy-5-dimethyl(ethyl)silyloxy-3-phenylpentane",560585,"CC[Si](C)(C)OCCC(CCOC)C1=CC=CC=C1","CC[Si](C)(C)OCCC(CCOC)C1=CC=CC=C1","InChI=1S/C16H28O2Si/c1-5-19(3,4)18-14-12-16(11-13-17-2)15-9-7-6-8-10-15/h6-10,16H,5,11-14H2,1-4H3","OAGSAGBABDFVKS-UHFFFAOYSA-N"
"3,3,5,5,7,7,9,9,11,11,13,13-Dodecamethyl-1,15-bis(1,3,3,5,5-pentamethyl-2,4,6-trioxa-1,3,5-trisilacyclohexyl0-4,6,8,10,12-tetraoxa-3,5,7,9,11-tetrasilapentadecane",553736,"C[Si]1(O[Si](O[Si](O1)(C)CC[Si](C)(C)O[Si](C)(C)O[Si](C)(C)O[Si](C)(C)O[Si](C)(C)O[Si](C)(C)CC[Si]2(O[Si](O[Si](O2)(C)C)(C)C)C)(C)C)C","C[Si]1(O[Si](O[Si](O1)(C)CC[Si](C)(C)O[Si](C)(C)O[Si](C)(C)O[Si](C)(C)O[Si](C)(C)O[Si](C)(C)CC[Si]2(O[Si](O[Si](O2)(C)C)(C)C)C)(C)C)C","InChI=1S/C26H74O11Si12/c1-38(2,23-25-48(21)34-44(13,14)32-45(15,16)35-48)27-40(5,6)29-42(9,10)31-43(11,12)30-41(7,8)28-39(3,4)24-26-49(22)36-46(17,18)33-47(19,20)37-49/h23-26H2,1-22H3","OANYAZRBJPWHKU-UHFFFAOYSA-N"
"Phthalic acid, butyl 5-methoxy-3-methylpent-2-yl ester",6424080,"CCCCOC(=O)C1=CC=CC=C1C(=O)OC(C)C(C)CCOC","CCCCOC(=O)C1=CC=CC=C1C(=O)OC(C)C(C)CCOC","InChI=1S/C19H28O5/c1-5-6-12-23-18(20)16-9-7-8-10-17(16)19(21)24-15(3)14(2)11-13-22-4/h7-10,14-15H,5-6,11-13H2,1-4H3","OLNHBMBDLQQATA-UHFFFAOYSA-N"
"2,2,4-Trimethyl-1,3-pentanediol diisobutyrate",23284,"CC(C)C(C(C)(C)COC(=O)C(C)C)OC(=O)C(C)C","CC(C)C(C(C)(C)COC(=O)C(C)C)OC(=O)C(C)C","InChI=1S/C16H30O4/c1-10(2)13(20-15(18)12(5)6)16(7,8)9-19-14(17)11(3)4/h10-13H,9H2,1-8H3","OMVSWZDEEGIJJI-UHFFFAOYSA-N"
"4-Methoxyisoindolin-1-one",11672718,"COC1=CC=CC2=C1CNC2=O","COC1=CC=CC2=C1CNC2=O","InChI=1S/C9H9NO2/c1-12-8-4-2-3-6-7(8)5-10-9(6)11/h2-4H,5H2,1H3,(H,10,11)","ONNGVKRXGAJQKC-UHFFFAOYSA-N"
"4,4'-Di-tert-butyl-diphenylamine",458684,"CC(C)(C)C1=CC=C(C=C1)NC2=CC=C(C=C2)C(C)(C)C","CC(C)(C)C1=CC=C(C=C1)NC2=CC=C(C=C2)C(C)(C)C","InChI=1S/C20H27N/c1-19(2,3)15-7-11-17(12-8-15)21-18-13-9-16(10-14-18)20(4,5)6/h7-14,21H,1-6H3","OPEKHRGERHDLRK-UHFFFAOYSA-N"
"2-Ethylhexyl stearate",13132266,"CCCCCCCCCCCCCCCCCC(=O)OCC(CC)CCCC","CCCCCCCCCCCCCCCCCC(=O)OCC(CC)CCCC","InChI=1S/C26H52O2/c1-4-7-9-10-11-12-13-14-15-16-17-18-19-20-21-23-26(27)28-24-25(6-3)22-8-5-2/h25H,4-24H2,1-3H3","OPJWPPVYCOPDCM-UHFFFAOYSA-N"
"Veratric acid, TBDMS derivative",91737508,"CC(C)(C)[Si](C)(C)OC(=O)C1=CC(=C(C=C1)OC)OC","CC(C)(C)[Si](C)(C)OC(=O)C1=CC(=C(C=C1)OC)OC","InChI=1S/C15H24O4Si/c1-15(2,3)20(6,7)19-14(16)11-8-9-12(17-4)13(10-11)18-5/h8-10H,1-7H3","OTFQZYPHSOASKT-UHFFFAOYSA-N"
"(5aR,11bS,11cS)-8,9,10-trimethoxy-1-methyl-2,3,5,5a,11b,11c-hexahydroisochromeno[3,4-g]indol-7-one",441583,"CN1CCC2=CCC3C(C21)C4=CC(=C(C(=C4C(=O)O3)OC)OC)OC","CN1CCC2=CC[C@@H]3[C@H]([C@@H]21)C4=CC(=C(C(=C4C(=O)O3)OC)OC)OC","InChI=1S/C19H23NO5/c1-20-8-7-10-5-6-12-14(16(10)20)11-9-13(22-2)17(23-3)18(24-4)15(11)19(21)25-12/h5,9,12,14,16H,6-8H2,1-4H3/t12-,14-,16-/m1/s1","OXFLPPXWFHSXSK-XNRPHZJLSA-N"
"3,5-Dimethyl-3-heptene",5364776,"CCC(C)C=C(C)CC","CCC(C)/C=C(\C)/CC","InChI=1S/C9H18/c1-5-8(3)7-9(4)6-2/h7-8H,5-6H2,1-4H3/b9-7+","OXOLZWHOQAEIAW-VQHVLOKHSA-N"
"Sarcosine, n-hexanoyl-, dodecyl ester",91692189,"CCCCCCCCCCCCOC(=O)CN(C)C(=O)CCCCC","CCCCCCCCCCCCOC(=O)CN(C)C(=O)CCCCC","InChI=1S/C21H41NO3/c1-4-6-8-9-10-11-12-13-14-16-18-25-21(24)19-22(3)20(23)17-15-7-5-2/h4-19H2,1-3H3","OZGGKIZUGSDRKE-UHFFFAOYSA-N"
"2-Pentyl-3-propyloxirane",529173,"CCCCCC1C(O1)CCC","CCCCCC1C(O1)CCC","InChI=1S/C10H20O/c1-3-5-6-8-10-9(11-10)7-4-2/h9-10H,3-8H2,1-2H3","PBWRJLOZBHQWOU-UHFFFAOYSA-N"
"4,6-Bis(4-ethoxybenzylthio)-5-nitropyrimidine",585037,"CCOC1=CC=C(C=C1)CSC2=C(C(=NC=N2)SCC3=CC=C(C=C3)OCC)[N+](=O)[O-]","CCOC1=CC=C(C=C1)CSC2=C(C(=NC=N2)SCC3=CC=C(C=C3)OCC)[N+](=O)[O-]","InChI=1S/C22H23N3O4S2/c1-3-28-18-9-5-16(6-10-18)13-30-21-20(25(26)27)22(24-15-23-21)31-14-17-7-11-19(12-8-17)29-4-2/h5-12,15H,3-4,13-14H2,1-2H3","PDFVJYFCEIFTOS-UHFFFAOYSA-N"
"2(3H)-Furanone, 5-heptyldihydro-",7714,"CCCCCCCC1CCC(=O)O1","CCCCCCCC1CCC(=O)O1","InChI=1S/C11H20O2/c1-2-3-4-5-6-7-10-8-9-11(12)13-10/h10H,2-9H2,1H3","PHXATPHONSXBIL-UHFFFAOYSA-N"
"Benzene, ethylpentamethyl-",595338,"CCC1=C(C(=C(C(=C1C)C)C)C)C","CCC1=C(C(=C(C(=C1C)C)C)C)C","InChI=1S/C13H20/c1-7-13-11(5)9(3)8(2)10(4)12(13)6/h7H2,1-6H3","PIOVGSBSKHQCIJ-UHFFFAOYSA-N"
"2,3,5-Trimethyl-phenanthrene",19350,"CC1=C2C(=CC=C1)C=CC3=C2C=C(C(=C3)C)C","CC1=C2C(=CC=C1)C=CC3=C2C=C(C(=C3)C)C","InChI=1S/C17H16/c1-11-5-4-6-14-7-8-15-9-12(2)13(3)10-16(15)17(11)14/h4-10H,1-3H3","PIRFDOCDTWKNTM-UHFFFAOYSA-N"
"cis-7-Hexadecenoic acid",5318393,"CCCCCCCCC=CCCCCCC(=O)O","CCCCCCCC/C=C\CCCCCC(=O)O","InChI=1S/C16H30O2/c1-2-3-4-5-6-7-8-9-10-11-12-13-14-15-16(17)18/h9-10H,2-8,11-15H2,1H3,(H,17,18)/b10-9-","PJHOFUXBXJNUAC-KTKRTIGZSA-N"
"1,2-Benzenediol, 3,5-bis(1,1-dimethylethyl)-",66099,"CC(C)(C)C1=CC(=C(C(=C1)O)O)C(C)(C)C","CC(C)(C)C1=CC(=C(C(=C1)O)O)C(C)(C)C","InChI=1S/C14H22O2/c1-13(2,3)9-7-10(14(4,5)6)12(16)11(15)8-9/h7-8,15-16H,1-6H3","PJZLSMMERMMQBJ-UHFFFAOYSA-N"
"tert-Butylfluoro(2,4,6-triisopropylphenyl)silanol",13615425,"CC(C)C1=CC(=C(C(=C1)C(C)C)[Si](C(C)(C)C)(O)F)C(C)C","CC(C)C1=CC(=C(C(=C1)C(C)C)[Si](C(C)(C)C)(O)F)C(C)C","InChI=1S/C19H33FOSi/c1-12(2)15-10-16(13(3)4)18(17(11-15)14(5)6)22(20,21)19(7,8)9/h10-14,21H,1-9H3","PLHNVQGPMAWVKH-UHFFFAOYSA-N"
"Isoxaben",73672,"CCC(C)(CC)C1=NOC(=C1)NC(=O)C2=C(C=CC=C2OC)OC","CCC(C)(CC)C1=NOC(=C1)NC(=O)C2=C(C=CC=C2OC)OC","InChI=1S/C18H24N2O4/c1-6-18(3,7-2)14-11-15(24-20-14)19-17(21)16-12(22-4)9-8-10-13(16)23-5/h8-11H,6-7H2,1-5H3,(H,19,21)","PMHURSZHKKJGBM-UHFFFAOYSA-N"
"Dodecanoic acid",3893,"CCCCCCCCCCCC(=O)O","CCCCCCCCCCCC(=O)O","InChI=1S/C12H24O2/c1-2-3-4-5-6-7-8-9-10-11-12(13)14/h2-11H2,1H3,(H,13,14)","POULHZVOKOAJMA-UHFFFAOYSA-N"
"Hexadecanoic acid, hexadecyl ester",10889,"CCCCCCCCCCCCCCCCOC(=O)CCCCCCCCCCCCCCC","CCCCCCCCCCCCCCCCOC(=O)CCCCCCCCCCCCCCC","InChI=1S/C32H64O2/c1-3-5-7-9-11-13-15-17-19-21-23-25-27-29-31-34-32(33)30-28-26-24-22-20-18-16-14-12-10-8-6-4-2/h3-31H2,1-2H3","PXDJXZJSCPSGGI-UHFFFAOYSA-N"
"Phenol, 4,4'-methylenebis-",12111,"C1=CC(=CC=C1CC2=CC=C(C=C2)O)O","C1=CC(=CC=C1CC2=CC=C(C=C2)O)O","InChI=1S/C13H12O2/c14-12-5-1-10(2-6-12)9-11-3-7-13(15)8-4-11/h1-8,14-15H,9H2","PXKLMJQFEQBVLD-UHFFFAOYSA-N"
"Benzenepropanoic acid, 3,5-bis(1,1-dimethylethyl)-4-hydroxy-, methyl ester",62603,"CC(C)(C)C1=CC(=CC(=C1O)C(C)(C)C)CCC(=O)OC","CC(C)(C)C1=CC(=CC(=C1O)C(C)(C)C)CCC(=O)OC","InChI=1S/C18H28O3/c1-17(2,3)13-10-12(8-9-15(19)21-7)11-14(16(13)20)18(4,5)6/h10-11,20H,8-9H2,1-7H3","PXMJCECEFTYEKE-UHFFFAOYSA-N"
"Benzothiazole, 2-(2-hydroxyethylthio)-",20790,"C1=CC=C2C(=C1)N=C(S2)SCCO","C1=CC=C2C(=C1)N=C(S2)SCCO","InChI=1S/C9H9NOS2/c11-5-6-12-9-10-7-3-1-2-4-8(7)13-9/h1-4,11H,5-6H2","PYNOHHMFQYUSDD-UHFFFAOYSA-N"
"Oxirane, hexadecyl-",23872,"CCCCCCCCCCCCCCCCC1CO1","CCCCCCCCCCCCCCCCC1CO1","InChI=1S/C18H36O/c1-2-3-4-5-6-7-8-9-10-11-12-13-14-15-16-18-17-19-18/h18H,2-17H2,1H3","QBJWYMFTMJFGOL-UHFFFAOYSA-N"
"2-Phenoxyethanol",31236,"C1=CC=C(C=C1)OCCO","C1=CC=C(C=C1)OCCO","InChI=1S/C8H10O2/c9-6-7-10-8-4-2-1-3-5-8/h1-5,9H,6-7H2","QCDWFXQBSFUVSP-UHFFFAOYSA-N"
"Tetradecanamide",69492,"CCCCCCCCCCCCCC(=O)N","CCCCCCCCCCCCCC(=O)N","InChI=1S/C14H29NO/c1-2-3-4-5-6-7-8-9-10-11-12-13-14(15)16/h2-13H2,1H3,(H2,15,16)","QEALYLRSRQDCRA-UHFFFAOYSA-N"
"Propylparaben",7175,"CCCOC(=O)C1=CC=C(C=C1)O","CCCOC(=O)C1=CC=C(C=C1)O","InChI=1S/C10H12O3/c1-2-7-13-10(12)8-3-5-9(11)6-4-8/h3-6,11H,2,7H2,1H3","QELSKZZBTMNZEB-UHFFFAOYSA-N"
"1,3,5,7,9,11-Hexaethyl-5,9-dimethoxytricyclo[5.5.1.1(3,11)]hexasiloxane",635668,"CC[Si]12O[Si]3(O[Si](O1)(O[Si](O[Si](O2)(O[Si](O3)(CC)OC)CC)(CC)OC)CC)CC","CC[Si]12O[Si]3(O[Si](O1)(O[Si](O[Si](O2)(O[Si](O3)(CC)OC)CC)(CC)OC)CC)CC","InChI=1S/C14H36O10Si6/c1-9-25(15-7)17-27(11-3)18-26(10-2,16-8)20-29(13-5)22-28(12-4,19-25)23-30(14-6,21-27)24-29/h9-14H2,1-8H3","QFEFUASFWLAFGK-UHFFFAOYSA-N"
"8,11,14-Eicosatrienoic acid, methyl ester, (Z,Z,Z)-",5363092,"CCCCCC=CCC=CCC=CCCCCCCC(=O)OC","CCCCC/C=C\C/C=C\C/C=C\CCCCCCC(=O)OC","InChI=1S/C21H36O2/c1-3-4-5-6-7-8-9-10-11-12-13-14-15-16-17-18-19-20-21(22)23-2/h7-8,10-11,13-14H,3-6,9,12,15-20H2,1-2H3/b8-7-,11-10-,14-13-","QHATYOWJCAQINT-JPFHKJGASA-N"
"5-Ethenyl-1,4-dimethylnaphthalene",14939362,"CC1=CC=C(C2=C(C=CC=C12)C=C)C","CC1=CC=C(C2=C(C=CC=C12)C=C)C","InChI=1S/C14H14/c1-4-12-6-5-7-13-10(2)8-9-11(3)14(12)13/h4-9H,1H2,2-3H3","QIFMJVVMFRFCLN-UHFFFAOYSA-N"
"Octadecanoic acid",5281,"CCCCCCCCCCCCCCCCCC(=O)O","CCCCCCCCCCCCCCCCCC(=O)O","InChI=1S/C18H36O2/c1-2-3-4-5-6-7-8-9-10-11-12-13-14-15-16-17-18(19)20/h2-17H2,1H3,(H,19,20)","QIQXTHQIDYTFRH-UHFFFAOYSA-N"
"Acryloylaminomethyl (3,5-di-tert-butyl-4-hydroxy)benzyl ether",22754678,"CC(C)(C)C1=CC(=CC(=C1O)C(C)(C)C)COCNC(=O)C=C","CC(C)(C)C1=CC(=CC(=C1O)C(C)(C)C)COCNC(=O)C=C","InChI=1S/C19H29NO3/c1-8-16(21)20-12-23-11-13-9-14(18(2,3)4)17(22)15(10-13)19(5,6)7/h8-10,22H,1,11-12H2,2-7H3,(H,20,21)","QLARJGZMKICHSE-UHFFFAOYSA-N"
"1-Methylpentyl isobutyrate",58579228,"CCCCC(C)OC(=O)C(C)C","CCCCC(C)OC(=O)C(C)C","InChI=1S/C10H20O2/c1-5-6-7-9(4)12-10(11)8(2)3/h8-9H,5-7H2,1-4H3","QLUIRWJNPGJBRM-UHFFFAOYSA-N"
"10-Heneicosene (c,t)",5364553,"CCCCCCCCCCC=CCCCCCCCCC","CCCCCCCCCC/C=C/CCCCCCCCC","InChI=1S/C21H42/c1-3-5-7-9-11-13-15-17-19-21-20-18-16-14-12-10-8-6-4-2/h19,21H,3-18,20H2,1-2H3/b21-19+","QOJGJKKHTRAFOK-XUTLUUPISA-N"
"Fumaric acid, 2-dimethylaminoethyl nonyl ester",91693815,"CCCCCCCCCOC(=O)C=CC(=O)OCCN(C)C","CCCCCCCCCOC(=O)/C=C/C(=O)OCCN(C)C","InChI=1S/C17H31NO4/c1-4-5-6-7-8-9-10-14-21-16(19)11-12-17(20)22-15-13-18(2)3/h11-12H,4-10,13-15H2,1-3H3/b12-11+","QPHCJYQBWCIUCK-VAWYXSNFSA-N"
"Hexamethyldiethyloctasilsesquioxane",635860,"CC[Si]12O[Si]3(O[Si]4(O[Si]5(O[Si](O3)(O[Si](O1)(O[Si](O5)(O[Si](O4)(O2)C)CC)C)C)C)C)C","CC[Si]12O[Si]3(O[Si]4(O[Si]5(O[Si](O3)(O[Si](O1)(O[Si](O5)(O[Si](O4)(O2)C)CC)C)C)C)C)C","InChI=1S/C10H28O12Si8/c1-9-29-17-25(5)11-23(3)13-26(6)14-24(4,12-25)16-28(8,20-29)22-30(10-2,18-26)21-27(7,15-23)19-29/h9-10H2,1-8H3","QPWFGVOCVSGMSV-UHFFFAOYSA-N"
"Tetradecanoic acid, pentyl ester",66331,"CCCCCCCCCCCCCC(=O)OCCCCC","CCCCCCCCCCCCCC(=O)OCCCCC","InChI=1S/C19H38O2/c1-3-5-7-8-9-10-11-12-13-14-15-17-19(20)21-18-16-6-4-2/h3-18H2,1-2H3","QPXYWTUZRZEUAK-UHFFFAOYSA-N"
"6-Chloro-2,3-dimethyl-5-nitroquinoxaline",4306679,"CC1=C(N=C2C(=N1)C=CC(=C2[N+](=O)[O-])Cl)C","CC1=C(N=C2C(=N1)C=CC(=C2[N+](=O)[O-])Cl)C","InChI=1S/C10H8ClN3O2/c1-5-6(2)13-9-8(12-5)4-3-7(11)10(9)14(15)16/h3-4H,1-2H3","QTCIOJDOSIHYDA-UHFFFAOYSA-N"
"Tetradecanoic acid, 2-hydroxyphenyl ester",573692,"CCCCCCCCCCCCCC(=O)OC1=CC=CC=C1O","CCCCCCCCCCCCCC(=O)OC1=CC=CC=C1O","InChI=1S/C20H32O3/c1-2-3-4-5-6-7-8-9-10-11-12-17-20(22)23-19-16-14-13-15-18(19)21/h13-16,21H,2-12,17H2,1H3","QUCJSOVSFBNYDE-UHFFFAOYSA-N"
"3,5-Dimethylbiphenyl",86927,"CC1=CC(=CC(=C1)C2=CC=CC=C2)C","CC1=CC(=CC(=C1)C2=CC=CC=C2)C","InChI=1S/C14H14/c1-11-8-12(2)10-14(9-11)13-6-4-3-5-7-13/h3-10H,1-2H3","QUHIUAFQBFDMIQ-UHFFFAOYSA-N"
"7-Isopropyl-1,1,4a-trimethyl-1,2,3,4,4a,9,10,10a-octahydrophenanthrene",86869,"CC(C)C1=CC2=C(C=C1)C3(CCCC(C3CC2)(C)C)C","CC(C)C1=CC2=C(C=C1)C3(CCCC(C3CC2)(C)C)C","InChI=1S/C20H30/c1-14(2)15-7-9-17-16(13-15)8-10-18-19(3,4)11-6-12-20(17,18)5/h7,9,13-14,18H,6,8,10-12H2,1-5H3","QUUCYKKMFLJLFS-UHFFFAOYSA-N"
"Octadecane, 1-isocyanato-",66988,"CCCCCCCCCCCCCCCCCCN=C=O","CCCCCCCCCCCCCCCCCCN=C=O","InChI=1S/C19H37NO/c1-2-3-4-5-6-7-8-9-10-11-12-13-14-15-16-17-18-20-19-21/h2-18H2,1H3","QWDQYHPOSSHSAW-UHFFFAOYSA-N"
"Tributyl acetylcitrate",6505,"CCCCOC(=O)CC(CC(=O)OCCCC)(C(=O)OCCCC)OC(=O)C","CCCCOC(=O)CC(CC(=O)OCCCC)(C(=O)OCCCC)OC(=O)C","InChI=1S/C20H34O8/c1-5-8-11-25-17(22)14-20(28-16(4)21,19(24)27-13-10-7-3)15-18(23)26-12-9-6-2/h5-15H2,1-4H3","QZCLKYGREBVARF-UHFFFAOYSA-N"
"2-Propenoic acid, 3-(3-nitrophenyl)-, ethyl ester",5354248,"CCOC(=O)C=CC1=CC(=CC=C1)[N+](=O)[O-]","CCOC(=O)/C=C/C1=CC(=CC=C1)[N+](=O)[O-]","InChI=1S/C11H11NO4/c1-2-16-11(13)7-6-9-4-3-5-10(8-9)12(14)15/h3-8H,2H2,1H3/b7-6+","QZEPRSLOWNHADS-VOTSOKGWSA-N"
"Caprylic anhydride",69340,"CCCCCCCC(=O)OC(=O)CCCCCCC","CCCCCCCC(=O)OC(=O)CCCCCCC","InChI=1S/C16H30O3/c1-3-5-7-9-11-13-15(17)19-16(18)14-12-10-8-6-4-2/h3-14H2,1-2H3","RAFYDKXYXRZODZ-UHFFFAOYSA-N"
"Phenol, 2,4-bis(1-phenylethyl)-",102877,"CC(C1=CC=CC=C1)C2=CC(=C(C=C2)O)C(C)C3=CC=CC=C3","CC(C1=CC=CC=C1)C2=CC(=C(C=C2)O)C(C)C3=CC=CC=C3","InChI=1S/C22H22O/c1-16(18-9-5-3-6-10-18)20-13-14-22(23)21(15-20)17(2)19-11-7-4-8-12-19/h3-17,23H,1-2H3","RCFAHSGZAAFQJH-UHFFFAOYSA-N"
"Phenol, 2-methyl-5-(1-methylethyl)-",10364,"CC1=C(C=C(C=C1)C(C)C)O","CC1=C(C=C(C=C1)C(C)C)O","InChI=1S/C10H14O/c1-7(2)9-5-4-8(3)10(11)6-9/h4-7,11H,1-3H3","RECUKUPTGUEGMW-UHFFFAOYSA-N"
"11-Hexadecen-1-ol, (Z)-",5283305,"CCCCC=CCCCCCCCCCCO","CCCC/C=C\CCCCCCCCCCO","InChI=1S/C16H32O/c1-2-3-4-5-6-7-8-9-10-11-12-13-14-15-16-17/h5-6,17H,2-4,7-16H2,1H3/b6-5-","RHVMNRHQWXIJIS-WAYWQWQTSA-N"
"Benzenesulfonamide, 4-chloro-N-[(propylamino)carbonyl]-",2727,"CCCNC(=O)NS(=O)(=O)C1=CC=C(C=C1)Cl","CCCNC(=O)NS(=O)(=O)C1=CC=C(C=C1)Cl","InChI=1S/C10H13ClN2O3S/c1-2-7-12-10(14)13-17(15,16)9-5-3-8(11)4-6-9/h3-6H,2,7H2,1H3,(H2,12,13,14)","RKWGIWYCVPQPMF-UHFFFAOYSA-N"
"Cholesta-3,5-diene",92835,"CC(C)CCCC(C)C1CCC2C1(CCC3C2CC=C4C3(CCC=C4)C)C","C[C@H](CCCC(C)C)[C@H]1CC[C@@H]2[C@@]1(CC[C@H]3[C@H]2CC=C4[C@@]3(CCC=C4)C)C","InChI=1S/C27H44/c1-19(2)9-8-10-20(3)23-14-15-24-22-13-12-21-11-6-7-17-26(21,4)25(22)16-18-27(23,24)5/h6,11-12,19-20,22-25H,7-10,13-18H2,1-5H3/t20-,22+,23-,24+,25+,26+,27-/m1/s1","RLHIRZFWJBOHHD-HKQCOZBKSA-N"
"Permethrine",40326,"CC1(C(C1C(=O)OCC2=CC(=CC=C2)OC3=CC=CC=C3)C=C(Cl)Cl)C","CC1(C(C1C(=O)OCC2=CC(=CC=C2)OC3=CC=CC=C3)C=C(Cl)Cl)C","InChI=1S/C21H20Cl2O3/c1-21(2)17(12-18(22)23)19(21)20(24)25-13-14-7-6-10-16(11-14)26-15-8-4-3-5-9-15/h3-12,17,19H,13H2,1-2H3","RLLPVAHGXHCWKJ-UHFFFAOYSA-N"
"Pyridine-2-carboxylic acid, hexahydro-1-(5-methyl-2-furoyl)-",573285,"CC1=CC=C(O1)C(=O)N2CCCCC2C(=O)O","CC1=CC=C(O1)C(=O)N2CCCCC2C(=O)O","InChI=1S/C12H15NO4/c1-8-5-6-10(17-8)11(14)13-7-3-2-4-9(13)12(15)16/h5-6,9H,2-4,7H2,1H3,(H,15,16)","RNCDNDUTGFYJQM-UHFFFAOYSA-N"
"N-Hydroxy-2-propylpentanamide",88129,"CCCC(CCC)C(=O)NO","CCCC(CCC)C(=O)NO","InChI=1S/C8H17NO2/c1-3-5-7(6-4-2)8(10)9-11/h7,11H,3-6H2,1-2H3,(H,9,10)","ROJGIRXXBBBMPL-UHFFFAOYSA-N"
"1,3-bis(Cycloheptyloxy)-1,1,3,3-tetramethyldisiloxane",91720333,"C[Si](C)(OC1CCCCCC1)O[Si](C)(C)OC2CCCCCC2","C[Si](C)(OC1CCCCCC1)O[Si](C)(C)OC2CCCCCC2","InChI=1S/C18H38O3Si2/c1-22(2,19-17-13-9-5-6-10-14-17)21-23(3,4)20-18-15-11-7-8-12-16-18/h17-18H,5-16H2,1-4H3","ROJSFXSZVBXVFL-UHFFFAOYSA-N"
"1-Octylsilatrane",13977508,"CCCCCCCC[Si]12OCCN(CCO1)CCO2","CCCCCCCC[Si]12OCCN(CCO1)CCO2","InChI=1S/C14H29NO3Si/c1-2-3-4-5-6-7-14-19-16-11-8-15(9-12-17-19)10-13-18-19/h2-14H2,1H3","RPEZIKXYNXVEST-UHFFFAOYSA-N"
"Tetradecane, 2,5-dimethyl-",41836,"CCCCCCCCCC(C)CCC(C)C","CCCCCCCCCC(C)CCC(C)C","InChI=1S/C16H34/c1-5-6-7-8-9-10-11-12-16(4)14-13-15(2)3/h15-16H,5-14H2,1-4H3","RQSUKZIRUMCUSU-UHFFFAOYSA-N"
"Sarcosine, N-(3-cyclopentylpropionyl)-, propyl ester",91692218,"CCCOC(=O)CN(C)C(=O)CCC1CCCC1","CCCOC(=O)CN(C)C(=O)CCC1CCCC1","InChI=1S/C14H25NO3/c1-3-10-18-14(17)11-15(2)13(16)9-8-12-6-4-5-7-12/h12H,3-11H2,1-2H3","RUGYEEJMTIEGEJ-UHFFFAOYSA-N"
"Octane, 2,6,6-trimethyl-",551285,"CCC(C)(C)CCCC(C)C","CCC(C)(C)CCCC(C)C","InChI=1S/C11H24/c1-6-11(4,5)9-7-8-10(2)3/h10H,6-9H2,1-5H3","RUPXAIGHLDMSOL-UHFFFAOYSA-N"
"Benzophenone",3102,"C1=CC=C(C=C1)C(=O)C2=CC=CC=C2","C1=CC=C(C=C1)C(=O)C2=CC=CC=C2","InChI=1S/C13H10O/c14-13(11-7-3-1-4-8-11)12-9-5-2-6-10-12/h1-10H","RWCCWEUUXYIKHB-UHFFFAOYSA-N"
"3-Butenyl adipate",6454788,"C=CCCOC(=O)CCCCC(=O)O","C=CCCOC(=O)CCCCC(=O)O","InChI=1S/C10H16O4/c1-2-3-8-14-10(13)7-5-4-6-9(11)12/h2H,1,3-8H2,(H,11,12)","RWHWZXLJKRPBQG-UHFFFAOYSA-N"
"1,4-Benzenedicarboxylic acid, bis(2-ethylhexyl) ester",22932,"CCCCC(CC)COC(=O)C1=CC=C(C=C1)C(=O)OCC(CC)CCCC","CCCCC(CC)COC(=O)C1=CC=C(C=C1)C(=O)OCC(CC)CCCC","InChI=1S/C24H38O4/c1-5-9-11-19(7-3)17-27-23(25)21-13-15-22(16-14-21)24(26)28-18-20(8-4)12-10-6-2/h13-16,19-20H,5-12,17-18H2,1-4H3","RWPICVVBGZBXNA-UHFFFAOYSA-N"
"Ethanediamide, n-dodecyl-N'-(2-thiazolyl)-",581431,"CCCCCCCCCCCCNC(=O)C(=O)NC1=NC=CS1","CCCCCCCCCCCCNC(=O)C(=O)NC1=NC=CS1","InChI=1S/C17H29N3O2S/c1-2-3-4-5-6-7-8-9-10-11-12-18-15(21)16(22)20-17-19-13-14-23-17/h13-14H,2-12H2,1H3,(H,18,21)(H,19,20,22)","RYBYKHDWYRKFEL-UHFFFAOYSA-N"
"N-(2-Nitrobenzylidene)-4-phenyl-1-piperazinamine",5727549,"C1CN(CCN1C2=CC=CC=C2)N=CC3=CC=CC=C3[N+](=O)[O-]","C1CN(CCN1C2=CC=CC=C2)/N=C/C3=CC=CC=C3[N+](=O)[O-]","InChI=1S/C17H18N4O2/c22-21(23)17-9-5-4-6-15(17)14-18-20-12-10-19(11-13-20)16-7-2-1-3-8-16/h1-9,14H,10-13H2/b18-14+","RYVNKLPZPBQMJK-NBVRZTHBSA-N"
"Caffeine",2519,"CN1C=NC2=C1C(=O)N(C(=O)N2C)C","CN1C=NC2=C1C(=O)N(C(=O)N2C)C","InChI=1S/C8H10N4O2/c1-10-4-9-6-5(10)7(13)12(3)8(14)11(6)2/h4H,1-3H3","RYYVLZVUVIJVGH-UHFFFAOYSA-N"
"1,5-Diazacyclopentadecan-6-one, 1-acetyl-",614364,"CC(=O)N1CCCCCCCCCC(=O)NCCC1","CC(=O)N1CCCCCCCCCC(=O)NCCC1","InChI=1S/C15H28N2O2/c1-14(18)17-12-8-6-4-2-3-5-7-10-15(19)16-11-9-13-17/h2-13H2,1H3,(H,16,19)","SDBFPZQQHGZPNV-UHFFFAOYSA-N"
"(E)-Hexadec-9-enoic acid",5282745,"CCCCCCC=CCCCCCCCC(=O)O","CCCCCC/C=C/CCCCCCCC(=O)O","InChI=1S/C16H30O2/c1-2-3-4-5-6-7-8-9-10-11-12-13-14-15-16(17)18/h7-8H,2-6,9-15H2,1H3,(H,17,18)/b8-7+","SECPZKHBENQXJG-BQYQJAHWSA-N"
"Palmitoleic acid",445638,"CCCCCCC=CCCCCCCCC(=O)O","CCCCCC/C=C\CCCCCCCC(=O)O","InChI=1S/C16H30O2/c1-2-3-4-5-6-7-8-9-10-11-12-13-14-15-16(17)18/h7-8H,2-6,9-15H2,1H3,(H,17,18)/b8-7-","SECPZKHBENQXJG-FPLPWBNLSA-N"
"Adipic acid, ethyl 2-phenylethyl ester",91703310,"CCOC(=O)CCCCC(=O)OCCC1=CC=CC=C1","CCOC(=O)CCCCC(=O)OCCC1=CC=CC=C1","InChI=1S/C16H22O4/c1-2-19-15(17)10-6-7-11-16(18)20-13-12-14-8-4-3-5-9-14/h3-5,8-9H,2,6-7,10-13H2,1H3","SIUOLRQROPIBGH-UHFFFAOYSA-N"
"1-Tricosene",181154,"CCCCCCCCCCCCCCCCCCCCCC=C","CCCCCCCCCCCCCCCCCCCCCC=C","InChI=1S/C23H46/c1-3-5-7-9-11-13-15-17-19-21-23-22-20-18-16-14-12-10-8-6-4-2/h3H,1,4-23H2,2H3","SJDSOBWGZRPKSB-UHFFFAOYSA-N"
"4-Methyl-2-(trimethylsilyl)phenyl triflate",11449792,"CC1=CC(=C(C=C1)OS(=O)(=O)C(F)(F)F)[Si](C)(C)C","CC1=CC(=C(C=C1)OS(=O)(=O)C(F)(F)F)[Si](C)(C)C","InChI=1S/C11H15F3O3SSi/c1-8-5-6-9(10(7-8)19(2,3)4)17-18(15,16)11(12,13)14/h5-7H,1-4H3","SKLVYEYSGSTOFD-UHFFFAOYSA-N"
"Phthalic acid, di(hex-3-yl) ester",21894313,"CCCC(CC)OC(=O)C1=CC=CC=C1C(=O)OC(CC)CCC","CCCC(CC)OC(=O)C1=CC=CC=C1C(=O)OC(CC)CCC","InChI=1S/C20H30O4/c1-5-11-15(7-3)23-19(21)17-13-9-10-14-18(17)20(22)24-16(8-4)12-6-2/h9-10,13-16H,5-8,11-12H2,1-4H3","SMFFEZZIWZVQNV-UHFFFAOYSA-N"
"1,1,3,3,5,5-Hexamethyl-1,5-bis(2-methylpropoxy)trisiloxane",91693650,"CC(C)CO[Si](C)(C)O[Si](C)(C)O[Si](C)(C)OCC(C)C","CC(C)CO[Si](C)(C)O[Si](C)(C)O[Si](C)(C)OCC(C)C","InChI=1S/C14H36O4Si3/c1-13(2)11-15-19(5,6)17-21(9,10)18-20(7,8)16-12-14(3)4/h13-14H,11-12H2,1-10H3","SMHQTOYNUWUFGN-UHFFFAOYSA-N"
"Phenol, 3,5-dibromo-2-(2,4-dibromophenoxy)-",3086109,"C1=CC(=C(C=C1Br)Br)OC2=C(C=C(C=C2Br)Br)O","C1=CC(=C(C=C1Br)Br)OC2=C(C=C(C=C2Br)Br)O","InChI=1S/C12H6Br4O2/c13-6-1-2-11(8(15)3-6)18-12-9(16)4-7(14)5-10(12)17/h1-5,17H","SNCQITRZEBFIRW-UHFFFAOYSA-N"
"Phthalic acid, (2-chlorocyclohexyl)methyl propyl ester",6424017,"CCCOC(=O)C1=CC=CC=C1C(=O)OCC2CCCCC2Cl","CCCOC(=O)C1=CC=CC=C1C(=O)OCC2CCCCC2Cl","InChI=1S/C18H23ClO4/c1-2-11-22-17(20)14-8-4-5-9-15(14)18(21)23-12-13-7-3-6-10-16(13)19/h4-5,8-9,13,16H,2-3,6-7,10-12H2,1H3","SNDQODIOTAFGIU-UHFFFAOYSA-N"
"Benzoic acid, 2-[[[4-[(acetylamino)sulfonyl]phenyl]amino]carbonyl]-",8574,"CC(=O)NS(=O)(=O)C1=CC=C(C=C1)NC(=O)C2=CC=CC=C2C(=O)O","CC(=O)NS(=O)(=O)C1=CC=C(C=C1)NC(=O)C2=CC=CC=C2C(=O)O","InChI=1S/C16H14N2O6S/c1-10(19)18-25(23,24)12-8-6-11(7-9-12)17-15(20)13-4-2-3-5-14(13)16(21)22/h2-9H,1H3,(H,17,20)(H,18,19)(H,21,22)","SNWQKAWITMVCQW-UHFFFAOYSA-N"
"Cyclododecasiloxane, tetracosamethyl-",167767,"C[Si]1(O[Si](O[Si](O[Si](O[Si](O[Si](O[Si](O[Si](O[Si](O[Si](O[Si](O[Si](O1)(C)C)(C)C)(C)C)(C)C)(C)C)(C)C)(C)C)(C)C)(C)C)(C)C)(C)C)C","C[Si]1(O[Si](O[Si](O[Si](O[Si](O[Si](O[Si](O[Si](O[Si](O[Si](O[Si](O[Si](O1)(C)C)(C)C)(C)C)(C)C)(C)C)(C)C)(C)C)(C)C)(C)C)(C)C)(C)C)C","InChI=1S/C24H72O12Si12/c1-37(2)25-38(3,4)27-40(7,8)29-42(11,12)31-44(15,16)33-46(19,20)35-48(23,24)36-47(21,22)34-45(17,18)32-43(13,14)30-41(9,10)28-39(5,6)26-37/h1-24H3","SOGKSNZFDBFKCV-UHFFFAOYSA-N"
"Tridecanoic acid",12530,"CCCCCCCCCCCCC(=O)O","CCCCCCCCCCCCC(=O)O","InChI=1S/C13H26O2/c1-2-3-4-5-6-7-8-9-10-11-12-13(14)15/h2-12H2,1H3,(H,14,15)","SZHOJFHSIKHZHA-UHFFFAOYSA-N"
"Tetradecanoic acid",11005,"CCCCCCCCCCCCCC(=O)O","CCCCCCCCCCCCCC(=O)O","InChI=1S/C14H28O2/c1-2-3-4-5-6-7-8-9-10-11-12-13-14(15)16/h2-13H2,1H3,(H,15,16)","TUNFSRHWOTWDNC-UHFFFAOYSA-N"
"7,7,9,9,11,11-Hexamethyl-3,6,8,10,12,15-hexaoxa-7,9,11-trisilaheptadecane",91733917,"CCOCCO[Si](C)(C)O[Si](C)(C)O[Si](C)(C)OCCOCC","CCOCCO[Si](C)(C)O[Si](C)(C)O[Si](C)(C)OCCOCC","InChI=1S/C14H36O6Si3/c1-9-15-11-13-17-21(3,4)19-23(7,8)20-22(5,6)18-14-12-16-10-2/h9-14H2,1-8H3","TUXFBCQKAFVQCP-UHFFFAOYSA-N"
"Tetradecanoic acid, 2-hydroxy-1-(hydroxymethyl)ethyl ester",137938,"CCCCCCCCCCCCCC(=O)OC(CO)CO","CCCCCCCCCCCCCC(=O)OC(CO)CO","InChI=1S/C17H34O4/c1-2-3-4-5-6-7-8-9-10-11-12-13-17(20)21-16(14-18)15-19/h16,18-19H,2-15H2,1H3","TVIMZSOUQXNWHO-UHFFFAOYSA-N"
"1,3,5,7-Tetraethyl-1-methoxycyclotetrasiloxane",6329876,"CC[Si]1O[Si](O[Si](O[Si](O1)CC)(CC)OC)CC","CC[Si]1O[Si](O[Si](O[Si](O1)CC)(CC)OC)CC","InChI=1S/C9H23O5Si4/c1-6-15-11-16(7-2)13-18(9-4,10-5)14-17(8-3)12-15/h6-9H2,1-5H3","TXKCJTXMVLRJQE-UHFFFAOYSA-N"
"Nonacos-1-ene",156989,"CCCCCCCCCCCCCCCCCCCCCCCCCCCC=C","CCCCCCCCCCCCCCCCCCCCCCCCCCCC=C","InChI=1S/C29H58/c1-3-5-7-9-11-13-15-17-19-21-23-25-27-29-28-26-24-22-20-18-16-14-12-10-8-6-4-2/h3H,1,4-29H2,2H3","UBMJSQAFNUWJEG-UHFFFAOYSA-N"
"2-(2-Dipropylamino-ethylsulfanyl)-6-hydroxy-5-octyl-3-phenyl-3H-pyrimidin-4-one",135447815,"CCCCCCCCC1=C(N=C(N(C1=O)C2=CC=CC=C2)SCCN(CCC)CCC)O","CCCCCCCCC1=C(N=C(N(C1=O)C2=CC=CC=C2)SCCN(CCC)CCC)O","InChI=1S/C26H41N3O2S/c1-4-7-8-9-10-14-17-23-24(30)27-26(32-21-20-28(18-5-2)19-6-3)29(25(23)31)22-15-12-11-13-16-22/h11-13,15-16,30H,4-10,14,17-21H2,1-3H3","UBOMJHPOXHTQJI-UHFFFAOYSA-N"
"O-Benzyltyrosine benzyl ester",7408223,"C1=CC=C(C=C1)COC2=CC=C(C=C2)CC(C(=O)OCC3=CC=CC=C3)N","C1=CC=C(C=C1)COC2=CC=C(C=C2)C[C@@H](C(=O)OCC3=CC=CC=C3)N","InChI=1S/C23H23NO3/c24-22(23(25)27-17-20-9-5-2-6-10-20)15-18-11-13-21(14-12-18)26-16-19-7-3-1-4-8-19/h1-14,22H,15-17,24H2/t22-/m0/s1","UCRXQUVKDMVBBM-QFIPXVFZSA-N"
"3-(methoxymethyl)-2-methylbenzaldehyde",13169025,"CC1=C(C=CC=C1C=O)COC","CC1=C(C=CC=C1C=O)COC","InChI=1S/C10H12O2/c1-8-9(6-11)4-3-5-10(8)7-12-2/h3-6H,7H2,1-2H3","UEDPEAGIXKZFDU-UHFFFAOYSA-N"
"Rolicyprine",90993,"C1CC(=O)NC1C(=O)NC2CC2C3=CC=CC=C3","C1CC(=O)NC1C(=O)NC2CC2C3=CC=CC=C3","InChI=1S/C14H16N2O2/c17-13-7-6-11(15-13)14(18)16-12-8-10(12)9-4-2-1-3-5-9/h1-5,10-12H,6-8H2,(H,15,17)(H,16,18)","UGSLDMJXBQKDCT-UHFFFAOYSA-N"
"1-Methyl-d3-5-(3-pyridyl)pyrrolidin-2-one",16213423,"CN1C(CCC1=O)C2=CN=CC=C2","[2H]C([2H])([2H])N1C(CCC1=O)C2=CN=CC=C2","InChI=1S/C10H12N2O/c1-12-9(4-5-10(12)13)8-3-2-6-11-7-8/h2-3,6-7,9H,4-5H2,1H3/i1D3","UIKROCXWUNQSPJ-FIBGUPNXSA-N"
"Palmitic acid vinyl ester",69658,"CCCCCCCCCCCCCCCC(=O)OC=C","CCCCCCCCCCCCCCCC(=O)OC=C","InChI=1S/C18H34O2/c1-3-5-6-7-8-9-10-11-12-13-14-15-16-17-18(19)20-4-2/h4H,2-3,5-17H2,1H3","UJRIYYLGNDXVTA-UHFFFAOYSA-N"
"1,11-Di(1-phenylpropyl)-2,2,4,4,6,6,8,8,10,10-decamethyl-1,3,5,7,9,11-hexaoxa-2,4,6,8,10-pentasilaundecane",91710661,"CCC(C1=CC=CC=C1)O[Si](C)(C)O[Si](C)(C)O[Si](C)(C)O[Si](C)(C)O[Si](C)(C)OC(CC)C2=CC=CC=C2","CCC(C1=CC=CC=C1)O[Si](C)(C)O[Si](C)(C)O[Si](C)(C)O[Si](C)(C)O[Si](C)(C)OC(CC)C2=CC=CC=C2","InChI=1S/C28H52O6Si5/c1-13-27(25-21-17-15-18-22-25)29-35(3,4)31-37(7,8)33-39(11,12)34-38(9,10)32-36(5,6)30-28(14-2)26-23-19-16-20-24-26/h15-24,27-28H,13-14H2,1-12H3","UKQBJJRRJMNERZ-UHFFFAOYSA-N"
"(4-Hexyl-2,5-dioxo-2,5-dihydro-3-furanyl)acetic acid",580944,"CCCCCCC1=C(C(=O)OC1=O)CC(=O)O","CCCCCCC1=C(C(=O)OC1=O)CC(=O)O","InChI=1S/C12H16O5/c1-2-3-4-5-6-8-9(7-10(13)14)12(16)17-11(8)15/h2-7H2,1H3,(H,13,14)","UMHSTRUKUXAWBA-UHFFFAOYSA-N"
"3-Ureidopropionic acid, N-(tert-butyldimethylsilyl)-, tert-butyldimethylsilyl ester",14877129,"CC(C)(C)[Si](C)(C)NC(=O)NCCC(=O)O[Si](C)(C)C(C)(C)C","CC(C)(C)[Si](C)(C)NC(=O)NCCC(=O)O[Si](C)(C)C(C)(C)C","InChI=1S/C16H36N2O3Si2/c1-15(2,3)22(7,8)18-14(20)17-12-11-13(19)21-23(9,10)16(4,5)6/h11-12H2,1-10H3,(H2,17,18,20)","UOWIZIOSDKLZKG-UHFFFAOYSA-N"
"Tris(tert-butyldimethylsilyloxy)arsane",91733954,"CC(C)(C)[Si](C)(C)O[As](O[Si](C)(C)C(C)(C)C)O[Si](C)(C)C(C)(C)C","CC(C)(C)[Si](C)(C)O[As](O[Si](C)(C)C(C)(C)C)O[Si](C)(C)C(C)(C)C","InChI=1S/C18H45AsO3Si3/c1-16(2,3)23(10,11)20-19(21-24(12,13)17(4,5)6)22-25(14,15)18(7,8)9/h1-15H3","USFSDFMFEDELDX-UHFFFAOYSA-N"
"1,2-Benzenedicarboxylic acid, butyl 2-methylpropyl ester",28813,"CCCCOC(=O)C1=CC=CC=C1C(=O)OCC(C)C","CCCCOC(=O)C1=CC=CC=C1C(=O)OCC(C)C","InChI=1S/C16H22O4/c1-4-5-10-19-15(17)13-8-6-7-9-14(13)16(18)20-11-12(2)3/h6-9,12H,4-5,10-11H2,1-3H3","UVIVWIFUPKGWGF-UHFFFAOYSA-N"
"2-[3-(2H-1,2,3-Benzotriazol-2-yl)-4-hydroxyphenyl]ethyl 2-methylacrylate",726893,"CC(=C)C(=O)OCCC1=CC(=C(C=C1)O)N2N=C3C=CC=CC3=N2","CC(=C)C(=O)OCCC1=CC(=C(C=C1)O)N2N=C3C=CC=CC3=N2","InChI=1S/C18H17N3O3/c1-12(2)18(23)24-10-9-13-7-8-17(22)16(11-13)21-19-14-5-3-4-6-15(14)20-21/h3-8,11,22H,1,9-10H2,2H3","VCYCUECVHJJFIQ-UHFFFAOYSA-N"
"14-Heptacosanone",10955,"CCCCCCCCCCCCCC(=O)CCCCCCCCCCCCC","CCCCCCCCCCCCCC(=O)CCCCCCCCCCCCC","InChI=1S/C27H54O/c1-3-5-7-9-11-13-15-17-19-21-23-25-27(28)26-24-22-20-18-16-14-12-10-8-6-4-2/h3-26H2,1-2H3","VCZMOZVQLARCOE-UHFFFAOYSA-N"
"Phenol, m-(1-methyl-3-propyl-3-pyrrolidinyl)-",9882,"CCCC1(CCN(C1)C)C2=CC(=CC=C2)O","CCCC1(CCN(C1)C)C2=CC(=CC=C2)O","InChI=1S/C14H21NO/c1-3-7-14(8-9-15(2)11-14)12-5-4-6-13(16)10-12/h4-6,10,16H,3,7-9,11H2,1-2H3","VFUGCQKESINERB-UHFFFAOYSA-N"
"Carbonic acid, 2-dimethylaminoethyl isobutyl ester",89719713,"CC(C)COC(=O)OCCN(C)C","CC(C)COC(=O)OCCN(C)C","InChI=1S/C9H19NO3/c1-8(2)7-13-9(11)12-6-5-10(3)4/h8H,5-7H2,1-4H3","VIMOARYGXDOSDU-UHFFFAOYSA-N"
"Sulfurous acid, decyl 2-ethylhexyl ester",6420775,"CCCCCCCCCCOS(=O)OCC(CC)CCCC","CCCCCCCCCCOS(=O)OCC(CC)CCCC","InChI=1S/C18H38O3S/c1-4-7-9-10-11-12-13-14-16-20-22(19)21-17-18(6-3)15-8-5-2/h18H,4-17H2,1-3H3","VOHWBXINGUVCCT-UHFFFAOYSA-N"
"Dodecanenitrile",17092,"CCCCCCCCCCCC#N","CCCCCCCCCCCC#N","InChI=1S/C12H23N/c1-2-3-4-5-6-7-8-9-10-11-12-13/h2-11H2,1H3","VXCUURYYWGCLIH-UHFFFAOYSA-N"
"Sebacic acid, but-3-yn-2-yl nonyl ester",91728687,"CCCCCCCCCOC(=O)CCCCCCCCC(=O)OC(C)C#C","CCCCCCCCCOC(=O)CCCCCCCCC(=O)OC(C)C#C","InChI=1S/C23H40O4/c1-4-6-7-8-11-14-17-20-26-22(24)18-15-12-9-10-13-16-19-23(25)27-21(3)5-2/h2,21H,4,6-20H2,1,3H3","WETSOVSQDZZPPT-UHFFFAOYSA-N"
"3,5-di-tert-Butyl-4-hydroxyacetophenone",616296,"CC(=O)C1=CC(=C(C(=C1)C(C)(C)C)O)C(C)(C)C","CC(=O)C1=CC(=C(C(=C1)C(C)(C)C)O)C(C)(C)C","InChI=1S/C16H24O2/c1-10(17)11-8-12(15(2,3)4)14(18)13(9-11)16(5,6)7/h8-9,18H,1-7H3","WGJPGMJLARWHRK-UHFFFAOYSA-N"
"Thiazole, 2-(phenylthio)-",606073,"C1=CC=C(C=C1)SC2=NC=CS2","C1=CC=C(C=C1)SC2=NC=CS2","InChI=1S/C9H7NS2/c1-2-4-8(5-3-1)12-9-10-6-7-11-9/h1-7H","WJUZBIMIEZOALU-UHFFFAOYSA-N"
"Benzothiazole, 2-(methylsulfinyl)-",2824895,"CS(=O)C1=NC2=CC=CC=C2S1","CS(=O)C1=NC2=CC=CC=C2S1","InChI=1S/C8H7NOS2/c1-12(10)8-9-6-4-2-3-5-7(6)11-8/h2-5H,1H3","WNJYDCANHJSWTI-UHFFFAOYSA-N"
"Undecane, 3,8-dimethyl-",86540,"CCCC(C)CCCCC(C)CC","CCCC(C)CCCCC(C)CC","InChI=1S/C13H28/c1-5-9-13(4)11-8-7-10-12(3)6-2/h12-13H,5-11H2,1-4H3","WOGVWUCXENBLIV-UHFFFAOYSA-N"
"Homosalate",8362,"CC1CC(CC(C1)(C)C)OC(=O)C2=CC=CC=C2O","CC1CC(CC(C1)(C)C)OC(=O)C2=CC=CC=C2O","InChI=1S/C16H22O3/c1-11-8-12(10-16(2,3)9-11)19-15(18)13-6-4-5-7-14(13)17/h4-7,11-12,17H,8-10H2,1-3H3","WSSJONWNBBTCMG-UHFFFAOYSA-N"
"9,12-Octadecadienoic acid, methyl ester, (E,E)-",5362793,"CCCCCC=CCC=CCCCCCCCC(=O)OC","CCCCC/C=C/C/C=C/CCCCCCCC(=O)OC","InChI=1S/C19H34O2/c1-3-4-5-6-7-8-9-10-11-12-13-14-15-16-17-18-19(20)21-2/h7-8,10-11H,3-6,9,12-18H2,1-2H3/b8-7+,11-10+","WTTJVINHCBCLGX-ZDVGBALWSA-N"
"Pentanoic acid, 10-undecenyl ester",543363,"CCCCC(=O)OCCCCCCCCCC=C","CCCCC(=O)OCCCCCCCCCC=C","InChI=1S/C16H30O2/c1-3-5-7-8-9-10-11-12-13-15-18-16(17)14-6-4-2/h3H,1,4-15H2,2H3","WVDFZHJTHUAKMH-UHFFFAOYSA-N"
"5-(4-Trimethylsilyloxyphenyl)-10,15,20-tri(4-pyridinyl)-21H,23H-porphine",135782727,"C[Si](C)(C)OC1=CC=C(C=C1)C2=C3C=CC(=C(C4=NC(=C(C5=CC=C(N5)C(=C6C=CC2=N6)C7=CC=NC=C7)C8=CC=NC=C8)C=C4)C9=CC=NC=C9)N3","C[Si](C)(C)OC1=CC=C(C=C1)C2=C3C=CC(=C(C4=NC(=C(C5=CC=C(N5)C(=C6C=CC2=N6)C7=CC=NC=C7)C8=CC=NC=C8)C=C4)C9=CC=NC=C9)N3","InChI=1S/C44H35N7OSi/c1-53(2,3)52-32-6-4-28(5-7-32)41-33-8-10-35(48-33)42(29-16-22-45-23-17-29)37-12-14-39(50-37)44(31-20-26-47-27-21-31)40-15-13-38(51-40)43(30-18-24-46-25-19-30)36-11-9-34(41)49-36/h4-27,48,51H,1-3H3","WWTNNUWODYMBCZ-UHFFFAOYSA-N"
"Methanone, (4-methylphenyl)phenyl-",8652,"CC1=CC=C(C=C1)C(=O)C2=CC=CC=C2","CC1=CC=C(C=C1)C(=O)C2=CC=CC=C2","InChI=1S/C14H12O/c1-11-7-9-13(10-8-11)14(15)12-5-3-2-4-6-12/h2-10H,1H3","WXPWZZHELZEVPO-UHFFFAOYSA-N"
"Phthalic acid, 4-methylpent-2-yl nonyl ester",91719580,"CCCCCCCCCOC(=O)C1=CC=CC=C1C(=O)OC(C)CC(C)C","CCCCCCCCCOC(=O)C1=CC=CC=C1C(=O)OC(C)CC(C)C","InChI=1S/C23H36O4/c1-5-6-7-8-9-10-13-16-26-22(24)20-14-11-12-15-21(20)23(25)27-19(4)17-18(2)3/h11-12,14-15,18-19H,5-10,13,16-17H2,1-4H3","WXRHSENXOVKNBY-UHFFFAOYSA-N"
"2,6-Dimethoxybenzaldehyde",96404,"COC1=C(C(=CC=C1)OC)C=O","COC1=C(C(=CC=C1)OC)C=O","InChI=1S/C9H10O3/c1-11-8-4-3-5-9(12-2)7(8)6-10/h3-6H,1-2H3","WXSGQHKHUYTJNB-UHFFFAOYSA-N"
"Oxalic acid, cyclobutyl octadecyl ester",6420627,"CCCCCCCCCCCCCCCCCCOC(=O)C(=O)OC1CCC1","CCCCCCCCCCCCCCCCCCOC(=O)C(=O)OC1CCC1","InChI=1S/C24H44O4/c1-2-3-4-5-6-7-8-9-10-11-12-13-14-15-16-17-21-27-23(25)24(26)28-22-19-18-20-22/h22H,2-21H2,1H3","XBDFFXWKUQOUQH-UHFFFAOYSA-N"
"Benzene, undecyl-",23194,"CCCCCCCCCCCC1=CC=CC=C1","CCCCCCCCCCCC1=CC=CC=C1","InChI=1S/C17H28/c1-2-3-4-5-6-7-8-9-11-14-17-15-12-10-13-16-17/h10,12-13,15-16H,2-9,11,14H2,1H3","XBEADGFTLHRJRB-UHFFFAOYSA-N"
"2-Methylpentadecanoic acid",91424,"CCCCCCCCCCCCCC(C)C(=O)O","CCCCCCCCCCCCCC(C)C(=O)O","InChI=1S/C16H32O2/c1-3-4-5-6-7-8-9-10-11-12-13-14-15(2)16(17)18/h15H,3-14H2,1-2H3,(H,17,18)","XEFOHUNTIRSZAC-UHFFFAOYSA-N"
"Hexanoic acid, 2-ethyl-, hexadecyl ester",42956,"CCCCCCCCCCCCCCCCOC(=O)C(CC)CCCC","CCCCCCCCCCCCCCCCOC(=O)C(CC)CCCC","InChI=1S/C24H48O2/c1-4-7-9-10-11-12-13-14-15-16-17-18-19-20-22-26-24(25)23(6-3)21-8-5-2/h23H,4-22H2,1-3H3","XJNUECKWDBNFJV-UHFFFAOYSA-N"
"Cyclooctasiloxane, hexadecamethyl-",11170,"C[Si]1(O[Si](O[Si](O[Si](O[Si](O[Si](O[Si](O[Si](O1)(C)C)(C)C)(C)C)(C)C)(C)C)(C)C)(C)C)C","C[Si]1(O[Si](O[Si](O[Si](O[Si](O[Si](O[Si](O[Si](O1)(C)C)(C)C)(C)C)(C)C)(C)C)(C)C)(C)C)C","InChI=1S/C16H48O8Si8/c1-25(2)17-26(3,4)19-28(7,8)21-30(11,12)23-32(15,16)24-31(13,14)22-29(9,10)20-27(5,6)18-25/h1-16H3","XKJMJYZFAWYREL-UHFFFAOYSA-N"
"4-Heptafluorobutyryloxyhexadecane",543578,"CCCCCCCCCCCCC(CCC)OC(=O)C(C(C(F)(F)F)(F)F)(F)F","CCCCCCCCCCCCC(CCC)OC(=O)C(C(C(F)(F)F)(F)F)(F)F","InChI=1S/C20H33F7O2/c1-3-5-6-7-8-9-10-11-12-13-15-16(14-4-2)29-17(28)18(21,22)19(23,24)20(25,26)27/h16H,3-15H2,1-2H3","XKNWOOPYRXMIGS-UHFFFAOYSA-N"
"1,14-Tetradecanediol",88261,"C(CCCCCCCO)CCCCCCO","C(CCCCCCCO)CCCCCCO","InChI=1S/C14H30O2/c15-13-11-9-7-5-3-1-2-4-6-8-10-12-14-16/h15-16H,1-14H2","XLKZJJVNBQCVIX-UHFFFAOYSA-N"
"Benzoic acid, 2,6-dimethoxy-, methyl ester",137419,"COC1=C(C(=CC=C1)OC)C(=O)OC","COC1=C(C(=CC=C1)OC)C(=O)OC","InChI=1S/C10H12O4/c1-12-7-5-4-6-8(13-2)9(7)10(11)14-3/h4-6H,1-3H3","XLXVNKPXOIYLLE-UHFFFAOYSA-N"
"Cyclopentasiloxane, decamethyl-",10913,"C[Si]1(O[Si](O[Si](O[Si](O[Si](O1)(C)C)(C)C)(C)C)(C)C)C","C[Si]1(O[Si](O[Si](O[Si](O[Si](O1)(C)C)(C)C)(C)C)(C)C)C","InChI=1S/C10H30O5Si5/c1-16(2)11-17(3,4)13-19(7,8)15-20(9,10)14-18(5,6)12-16/h1-10H3","XMSXQFUHVRWGNA-UHFFFAOYSA-N"
"Undecanoic acid, 10-methyl-, methyl ester",554144,"CC(C)CCCCCCCCC(=O)OC","CC(C)CCCCCCCCC(=O)OC","InChI=1S/C13H26O2/c1-12(2)10-8-6-4-5-7-9-11-13(14)15-3/h12H,4-11H2,1-3H3","XPVCTJYIICVJOE-UHFFFAOYSA-N"
"1,1,3,3,5,5,7,7-Octamethyl-7-(2-methylpropoxy)tetrasiloxan-1-ol",91740682,"CC(C)CO[Si](C)(C)O[Si](C)(C)O[Si](C)(C)O[Si](C)(C)O","CC(C)CO[Si](C)(C)O[Si](C)(C)O[Si](C)(C)O[Si](C)(C)O","InChI=1S/C12H34O5Si4/c1-12(2)11-14-19(5,6)16-21(9,10)17-20(7,8)15-18(3,4)13/h12-13H,11H2,1-10H3","XQHJKGLZKGEFQS-UHFFFAOYSA-N"
"Isopropyl palmitate",8907,"CCCCCCCCCCCCCCCC(=O)OC(C)C","CCCCCCCCCCCCCCCC(=O)OC(C)C","InChI=1S/C19H38O2/c1-4-5-6-7-8-9-10-11-12-13-14-15-16-17-19(20)21-18(2)3/h18H,4-17H2,1-3H3","XUGNVMKQXJXZCD-UHFFFAOYSA-N"
"10,18-Bisnorabieta-8,11,13-triene",614842,"CC1CCCC2C1CCC3=C2C=CC(=C3)C(C)C","CC1CCCC2C1CCC3=C2C=CC(=C3)C(C)C","InChI=1S/C18H26/c1-12(2)14-7-10-17-15(11-14)8-9-16-13(3)5-4-6-18(16)17/h7,10-13,16,18H,4-6,8-9H2,1-3H3","XWUVCHRGACWHNI-UHFFFAOYSA-N"
"1,2-Dimethylquinolin-1-ium iodide",2750445,"CC1=[N+](C2=CC=CC=C2C=C1)C.[I-]","CC1=[N+](C2=CC=CC=C2C=C1)C.[I-]","InChI=1S/C11H12N.HI/c1-9-7-8-10-5-3-4-6-11(10)12(9)2;/h3-8H,1-2H3;1H/q+1;/p-1","XXCFMHCLWHXDAV-UHFFFAOYSA-M"
"9-Tetradecen-1-ol, acetate, (E)-",5363249,"CCCCC=CCCCCCCCCOC(=O)C","CCCC/C=C/CCCCCCCCOC(=O)C","InChI=1S/C16H30O2/c1-3-4-5-6-7-8-9-10-11-12-13-14-15-18-16(2)17/h6-7H,3-5,8-15H2,1-2H3/b7-6+","XXPBOEBNDHAAQH-VOTSOKGWSA-N"
"3-(6,6-Dimethyl-5-oxohept-2-enyl)-cycloheptanone",5364974,"CC(C)(C)C(=O)CC=CCC1CCCCC(=O)C1","CC(C)(C)C(=O)C/C=C/CC1CCCCC(=O)C1","InChI=1S/C16H26O2/c1-16(2,3)15(18)11-7-5-9-13-8-4-6-10-14(17)12-13/h5,7,13H,4,6,8-12H2,1-3H3/b7-5+","YAEMUMFOEJCWFF-FNORWQNLSA-N"
"Theobromine",5429,"CN1C=NC2=C1C(=O)NC(=O)N2C","CN1C=NC2=C1C(=O)NC(=O)N2C","InChI=1S/C7H8N4O2/c1-10-3-8-5-4(10)6(12)9-7(13)11(5)2/h3H,1-2H3,(H,9,12,13)","YAPQBXQYLJRXSA-UHFFFAOYSA-N"
"2-Propenoic acid, 3-(4-methoxyphenyl)-, 2-ethylhexyl ester",5355130,"CCCCC(CC)COC(=O)C=CC1=CC=C(C=C1)OC","CCCCC(CC)COC(=O)/C=C/C1=CC=C(C=C1)OC","InChI=1S/C18H26O3/c1-4-6-7-15(5-2)14-21-18(19)13-10-16-8-11-17(20-3)12-9-16/h8-13,15H,4-7,14H2,1-3H3/b13-10+","YBGZDTIWKVFICR-JLHYYAGUSA-N"
"2(3H)-Benzothiazolone",13625,"C1=CC=C2C(=C1)NC(=O)S2","C1=CC=C2C(=C1)NC(=O)S2","InChI=1S/C7H5NOS/c9-7-8-5-3-1-2-4-6(5)10-7/h1-4H,(H,8,9)","YEDUAINPPJYDJZ-UHFFFAOYSA-N"
"1,4-Diacryloylpiperazine",193422,"C=CC(=O)N1CCN(CC1)C(=O)C=C","C=CC(=O)N1CCN(CC1)C(=O)C=C","InChI=1S/C10H14N2O2/c1-3-9(13)11-5-7-12(8-6-11)10(14)4-2/h3-4H,1-2,5-8H2","YERHJBPPDGHCRJ-UHFFFAOYSA-N"
"Octacosane, 2-methyl-",519147,"CCCCCCCCCCCCCCCCCCCCCCCCCCC(C)C","CCCCCCCCCCCCCCCCCCCCCCCCCCC(C)C","InChI=1S/C29H60/c1-4-5-6-7-8-9-10-11-12-13-14-15-16-17-18-19-20-21-22-23-24-25-26-27-28-29(2)3/h29H,4-28H2,1-3H3","YGCGPCUUTAKOEU-UHFFFAOYSA-N"
"Fenoterol, N-trifluoroacetyl-O,O,O,O-tetrakis(trimethylsilyl)deriv.",632006,"CC(CC1=CC=C(C=C1)O[Si](C)(C)C)N(CC(C2=CC(=CC(=C2)O[Si](C)(C)C)O[Si](C)(C)C)O[Si](C)(C)C)C(=O)C(F)(F)F","CC(CC1=CC=C(C=C1)O[Si](C)(C)C)N(CC(C2=CC(=CC(=C2)O[Si](C)(C)C)O[Si](C)(C)C)O[Si](C)(C)C)C(=O)C(F)(F)F","InChI=1S/C31H52F3NO5Si4/c1-23(18-24-14-16-26(17-15-24)37-41(2,3)4)35(30(36)31(32,33)34)22-29(40-44(11,12)13)25-19-27(38-42(5,6)7)21-28(20-25)39-43(8,9)10/h14-17,19-21,23,29H,18,22H2,1-13H3","YGLITPPHZOSYJH-UHFFFAOYSA-N"
"Dodecane, 1-isocyanato-",77873,"CCCCCCCCCCCCN=C=O","CCCCCCCCCCCCN=C=O","InChI=1S/C13H25NO/c1-2-3-4-5-6-7-8-9-10-11-12-14-13-15/h2-12H2,1H3","YIDSTEJLDQMWBR-UHFFFAOYSA-N"
"2,2'-Bibenzothiazole",350151,"C1=CC=C2C(=C1)N=C(S2)C3=NC4=CC=CC=C4S3","C1=CC=C2C(=C1)N=C(S2)C3=NC4=CC=CC=C4S3","InChI=1S/C14H8N2S2/c1-3-7-11-9(5-1)15-13(17-11)14-16-10-6-2-4-8-12(10)18-14/h1-8H","YJVXQQKAUCYQIP-UHFFFAOYSA-N"
"3-{4-[(Phenylcarbonyl)amino]phenyl}propanoic acid",17341529,"C1=CC=C(C=C1)C(=O)NC2=CC=C(C=C2)CCC(=O)O","C1=CC=C(C=C1)C(=O)NC2=CC=C(C=C2)CCC(=O)O","InChI=1S/C16H15NO3/c18-15(19)11-8-12-6-9-14(10-7-12)17-16(20)13-4-2-1-3-5-13/h1-7,9-10H,8,11H2,(H,17,20)(H,18,19)","YJZMWAPBBIMKSU-UHFFFAOYSA-N"
"Benzoic acid, 4-nitro-, methyl ester",12083,"COC(=O)C1=CC=C(C=C1)[N+](=O)[O-]","COC(=O)C1=CC=C(C=C1)[N+](=O)[O-]","InChI=1S/C8H7NO4/c1-13-8(10)6-2-4-7(5-3-6)9(11)12/h2-5H,1H3","YOJAHJGBFDPSDI-UHFFFAOYSA-N"
"Fumaric acid, 2-ethylbutyl 2-ethylhexyl ester",91698441,"CCCCC(CC)COC(=O)C=CC(=O)OCC(CC)CC","CCCCC(CC)COC(=O)/C=C/C(=O)OCC(CC)CC","InChI=1S/C18H32O4/c1-5-9-10-16(8-4)14-22-18(20)12-11-17(19)21-13-15(6-2)7-3/h11-12,15-16H,5-10,13-14H2,1-4H3/b12-11+","YQKGCSOTIHAPMJ-VAWYXSNFSA-N"
"3,7,11-Trimethyldodec-1-ene",528443,"CC(C)CCCC(C)CCCC(C)C=C","CC(C)CCCC(C)CCCC(C)C=C","InChI=1S/C15H30/c1-6-14(4)10-8-12-15(5)11-7-9-13(2)3/h6,13-15H,1,7-12H2,2-5H3","YRTZHYFUDNIOGV-UHFFFAOYSA-N"
"Benzenepropanoic acid, 3,5-bis(1,1-dimethylethyl)-4-hydroxy-, 2-ethylhexyl ester",11486113,"CCCCC(CC)COC(=O)CCC1=CC(=C(C(=C1)C(C)(C)C)O)C(C)(C)C","CCCCC(CC)COC(=O)CCC1=CC(=C(C(=C1)C(C)(C)C)O)C(C)(C)C","InChI=1S/C25H42O3/c1-9-11-12-18(10-2)17-28-22(26)14-13-19-15-20(24(3,4)5)23(27)21(16-19)25(6,7)8/h15-16,18,27H,9-14,17H2,1-8H3","YSLFJMFSTOJEDL-UHFFFAOYSA-N"
"2-tert-Butoxytetrahydrofuran",102716,"CC(C)(C)OC1CCCO1","CC(C)(C)OC1CCCO1","InChI=1S/C8H16O2/c1-8(2,3)10-7-5-4-6-9-7/h7H,4-6H2,1-3H3","YUIHSLYOPKDRCJ-UHFFFAOYSA-N"
"Myristoleic acid",5281119,"CCCCC=CCCCCCCCC(=O)O","CCCC/C=C\CCCCCCCC(=O)O","InChI=1S/C14H26O2/c1-2-3-4-5-6-7-8-9-10-11-12-13-14(15)16/h5-6H,2-4,7-13H2,1H3,(H,15,16)/b6-5-","YWWVWXASSLXJHU-WAYWQWQTSA-N"
"2(3H)-Benzothiazolethione",697993,"C1=CC=C2C(=C1)NC(=S)S2","C1=CC=C2C(=C1)NC(=S)S2","InChI=1S/C7H5NS2/c9-7-8-5-3-1-2-4-6(5)10-7/h1-4H,(H,8,9)","YXIWHUQXZSMYRE-UHFFFAOYSA-N"
"Squalene",638072,"CC(=CCCC(=CCCC(=CCCC=C(C)CCC=C(C)CCC=C(C)C)C)C)C","CC(=CCC/C(=C/CC/C(=C/CC/C=C(/CC/C=C(/CCC=C(C)C)\C)\C)/C)/C)C","InChI=1S/C30H50/c1-25(2)15-11-19-29(7)23-13-21-27(5)17-9-10-18-28(6)22-14-24-30(8)20-12-16-26(3)4/h15-18,23-24H,9-14,19-22H2,1-8H3/b27-17+,28-18+,29-23+,30-24+","YYGNTYWPHWGJRM-AAJYLUCBSA-N"
"3,7,11,14,18-Pentaoxa-2,19-disilaeicosane, 2,2,19,19-tetramethyl-",552943,"C[Si](C)(C)OCCCOCCCOCCOCCCO[Si](C)(C)C","C[Si](C)(C)OCCCOCCCOCCOCCCO[Si](C)(C)C","InChI=1S/C17H40O5Si2/c1-23(2,3)21-14-8-12-18-10-7-11-19-16-17-20-13-9-15-22-24(4,5)6/h7-17H2,1-6H3","YYLHBCPMAKQSEC-UHFFFAOYSA-N"
"Myristic Acid Methyl Ester",31284,"CCCCCCCCCCCCCC(=O)OC","CCCCCCCCCCCCCC(=O)OC","InChI=1S/C15H30O2/c1-3-4-5-6-7-8-9-10-11-12-13-14-15(16)17-2/h3-14H2,1-2H3","ZAZKJZBWRNNLDS-UHFFFAOYSA-N"
"4-Nitrophenyl myristate",84555,"CCCCCCCCCCCCCC(=O)OC1=CC=C(C=C1)[N+](=O)[O-]","CCCCCCCCCCCCCC(=O)OC1=CC=C(C=C1)[N+](=O)[O-]","InChI=1S/C20H31NO4/c1-2-3-4-5-6-7-8-9-10-11-12-13-20(22)25-19-16-14-18(15-17-19)21(23)24/h14-17H,2-13H2,1H3","ZBBNFJIVAHGZKA-UHFFFAOYSA-N"
"2-(2-Isopropenyl-5-methylcyclopentylmethoxy)tetrahydropyran",559128,"CC1CCC(C1COC2CCCCO2)C(=C)C","CC1CCC(C1COC2CCCCO2)C(=C)C","InChI=1S/C15H26O2/c1-11(2)13-8-7-12(3)14(13)10-17-15-6-4-5-9-16-15/h12-15H,1,4-10H2,2-3H3","ZCMGUSZGAOXTAM-UHFFFAOYSA-N"
"5-Dodecene, (Z)-",5364658,"CCCCCCC=CCCCC","CCCCCC/C=C\CCCC","InChI=1S/C12H24/c1-3-5-7-9-11-12-10-8-6-4-2/h9,11H,3-8,10,12H2,1-2H3/b11-9-","ZOKYTRIEIDWYSG-LUAWRHEFSA-N"
"Octanoic acid, 1-(hydroxymethyl)-1,2-ethanediyl ester, (S)-",148879,"CCCCCCCC(=O)OCC(CO)OC(=O)CCCCCCC","CCCCCCCC(=O)OC[C@H](CO)OC(=O)CCCCCCC","InChI=1S/C19H36O5/c1-3-5-7-9-11-13-18(21)23-16-17(15-20)24-19(22)14-12-10-8-6-4-2/h17,20H,3-16H2,1-2H3/t17-/m0/s1","ZQBULZYTDGUSSK-KRWDZBQOSA-N"
"1,2-Dioctanoin",1323,"CCCCCCCC(=O)OCC(CO)OC(=O)CCCCCCC","CCCCCCCC(=O)OCC(CO)OC(=O)CCCCCCC","InChI=1S/C19H36O5/c1-3-5-7-9-11-13-18(21)23-16-17(15-20)24-19(22)14-12-10-8-6-4-2/h17,20H,3-16H2,1-2H3","ZQBULZYTDGUSSK-UHFFFAOYSA-N"
"9-Octadecenoic acid, (E)-",637517,"CCCCCCCCC=CCCCCCCCC(=O)O","CCCCCCCC/C=C/CCCCCCCC(=O)O","InChI=1S/C18H34O2/c1-2-3-4-5-6-7-8-9-10-11-12-13-14-15-16-17-18(19)20/h9-10H,2-8,11-17H2,1H3,(H,19,20)/b10-9+","ZQPPMHVWECSIRJ-MDZDMXLPSA-N"
"2-Pyrrolidinone, 1-decyl-",171427,"CCCCCCCCCCN1CCCC1=O","CCCCCCCCCCN1CCCC1=O","InChI=1S/C14H27NO/c1-2-3-4-5-6-7-8-9-12-15-13-10-11-14(15)16/h2-13H2,1H3","ZRECPFOSZXDFDT-UHFFFAOYSA-N"
"Docosane, 11-decyl-",41440,"CCCCCCCCCCCC(CCCCCCCCCC)CCCCCCCCCC","CCCCCCCCCCCC(CCCCCCCCCC)CCCCCCCCCC","InChI=1S/C32H66/c1-4-7-10-13-16-19-22-25-28-31-32(29-26-23-20-17-14-11-8-5-2)30-27-24-21-18-15-12-9-6-3/h32H,4-31H2,1-3H3","ZTLKOYAJKRWSKL-UHFFFAOYSA-N"
"7,9-Di-tert-butyl-1-oxaspiro(4,5)deca-6,9-diene-2,8-dione",545303,"CC(C)(C)C1=CC2(CCC(=O)O2)C=C(C1=O)C(C)(C)C","CC(C)(C)C1=CC2(CCC(=O)O2)C=C(C1=O)C(C)(C)C","InChI=1S/C17H24O3/c1-15(2,3)11-9-17(8-7-13(18)20-17)10-12(14(11)19)16(4,5)6/h9-10H,7-8H2,1-6H3","ZTMZUYHXZPUDRF-UHFFFAOYSA-N"
"1,8-Diphthalimido-3,6-dioxaoctane",300741,"C1=CC=C2C(=C1)C(=O)N(C2=O)CCOCCOCCN3C(=O)C4=CC=CC=C4C3=O","C1=CC=C2C(=C1)C(=O)N(C2=O)CCOCCOCCN3C(=O)C4=CC=CC=C4C3=O","InChI=1S/C22H20N2O6/c25-19-15-5-1-2-6-16(15)20(26)23(19)9-11-29-13-14-30-12-10-24-21(27)17-7-3-4-8-18(17)22(24)28/h1-8H,9-14H2","ZUEGADJOYPRDCU-UHFFFAOYSA-N"
"Butyl 4,4,6,6-tetramethyl-9-oxo-3,5,7,10-tetraoxa-4,6-disilatetradecan-1-oate",91720337,"CCCCOC(=O)CO[Si](C)(C)O[Si](C)(C)OCC(=O)OCCCC","CCCCOC(=O)CO[Si](C)(C)O[Si](C)(C)OCC(=O)OCCCC","InChI=1S/C16H34O7Si2/c1-7-9-11-19-15(17)13-21-24(3,4)23-25(5,6)22-14-16(18)20-12-10-8-2/h7-14H2,1-6H3","ZUUGARWEBILVGH-UHFFFAOYSA-N"
"Sebacic acid, but-3-enyl octyl ester",91728691,"CCCCCCCCOC(=O)CCCCCCCCC(=O)OCCC=C","CCCCCCCCOC(=O)CCCCCCCCC(=O)OCCC=C","InChI=1S/C22H40O4/c1-3-5-7-8-13-16-20-26-22(24)18-15-12-10-9-11-14-17-21(23)25-19-6-4-2/h4H,2-3,5-20H2,1H3","ZVTMFHJASTZZKZ-UHFFFAOYSA-N"
"9,9-Bis(methoxymethyl)-9H-fluorene",11054211,"COCC1(C2=CC=CC=C2C3=CC=CC=C31)COC","COCC1(C2=CC=CC=C2C3=CC=CC=C31)COC","InChI=1S/C17H18O2/c1-18-11-17(12-19-2)15-9-5-3-7-13(15)14-8-4-6-10-16(14)17/h3-10H,11-12H2,1-2H3","ZWINORFLMHROGF-UHFFFAOYSA-N"
"(7z,11z)-7,11-hexadecadienol",13532952,"CCCCC=CCCC=CCCCCCCO","CCCC/C=C/CC/C=C\CCCCCCO","InChI=1S/C16H30O/c1-2-3-4-5-6-7-8-9-10-11-12-13-14-15-16-17/h5-6,9-10,17H,2-4,7-8,11-16H2,1H3/b6-5+,10-9-","ZWMPSFHVSWYKPO-QMRMAQATSA-N"
"2-Isopropenyl-5-methylcyclohexanol",24585,"CC1CCC(C(C1)O)C(=C)C","CC1CCC(C(C1)O)C(=C)C","InChI=1S/C10H18O/c1-7(2)9-5-4-8(3)6-10(9)11/h8-11H,1,4-6H2,2-3H3","ZYTMANIQRDEHIO-UHFFFAOYSA-N"
